case_id,case_type,member_ids,explanation
CONTROL-0241,BENIGN_CYCLE,BEN-002237|BEN-007854|BEN-006183,A funded roommate expense advance is repaid through three accounts.
CONTROL-0058,IDENTICAL_NAME,BEN-009569|BEN-008256,"Same full name, distinct birth dates, contacts and accounts."
CONTROL-0096,REGISTRATION_CAMP,BEN-004912|BEN-006548|BEN-008287,Genuine campus enrollment camp produces a short registration burst.
CONTROL-0149,COMMON_SURNAME,BEN-005003|BEN-009602|BEN-005519,Distinct local students share a common surname and institution.
CONTROL-0242,COMPATIBLE_SCHEMES,BEN-008406|BEN-006077,Tuition and study-material support are permitted together in the same year.
CONTROL-0049,IDENTICAL_NAME,BEN-003587|BEN-008524,"Same full name, distinct birth dates, contacts and accounts."
CONTROL-0066,GUARDIAN_ACCOUNT,BEN-005616|BEN-002560,Two distinct students have recorded guardian payout authorization.
CONTROL-0039,GUARDIAN_ACCOUNT,BEN-001669|BEN-006471,Two distinct students have recorded guardian payout authorization.
CONTROL-0074,FAMILY_CONTACT,BEN-007451|BEN-003869|BEN-008877,Distinct family members share their household contact and residence.
CONTROL-0269,COMPATIBLE_SCHEMES,BEN-000599|BEN-001056,Tuition and study-material support are permitted together in the same year.
CONTROL-0255,GUARDIAN_ACCOUNT,BEN-002396|BEN-009651,Two distinct students have recorded guardian payout authorization.
CONTROL-0050,COMMON_SURNAME,BEN-001895|BEN-003987|BEN-005797,Distinct local students share a common surname and institution.
CONTROL-0127,HOSTEL_ADDRESS,BEN-009079|BEN-005243|BEN-005412|BEN-000146|BEN-002055,Five distinct residents share a hostel address; individual accounts and contacts.
CONTROL-0056,FAMILY_CONTACT,BEN-008165|BEN-001691|BEN-008660,Distinct family members share their household contact and residence.
CONTROL-0070,BENIGN_CYCLE,BEN-005764|BEN-000422|BEN-004861,A funded roommate expense advance is repaid through three accounts.
CONTROL-0198,CORRECTED_APPLICATION,BEN-005943|BEN-007171,An earlier cancelled application is replaced by one approved claim; cancelled claim is unpaid.
CONTROL-0082,HOSTEL_ADDRESS,BEN-001351|BEN-008141|BEN-000784|BEN-006684|BEN-001751,Five distinct residents share a hostel address; individual accounts and contacts.
CONTROL-0235,HOSTEL_ADDRESS,BEN-008044|BEN-007562|BEN-006444|BEN-008158|BEN-008705,Five distinct residents share a hostel address; individual accounts and contacts.
CONTROL-0190,HOSTEL_ADDRESS,BEN-004403|BEN-009504|BEN-005715|BEN-001782|BEN-006686,Five distinct residents share a hostel address; individual accounts and contacts.
CONTROL-0189,CORRECTED_APPLICATION,BEN-006274|BEN-009509,An earlier cancelled application is replaced by one approved claim; cancelled claim is unpaid.
CONTROL-0031,IDENTICAL_NAME,BEN-007749|BEN-000540,"Same full name, distinct birth dates, contacts and accounts."
CONTROL-0260,COMPATIBLE_SCHEMES,BEN-001020|BEN-007952,Tuition and study-material support are permitted together in the same year.
CONTROL-0170,COMPATIBLE_SCHEMES,BEN-004995|BEN-008167,Tuition and study-material support are permitted together in the same year.
CONTROL-0217,HOSTEL_ADDRESS,BEN-005176|BEN-006833|BEN-007685|BEN-004070|BEN-002530,Five distinct residents share a hostel address; individual accounts and contacts.
CONTROL-0296,BENIGN_COLLECTION,BEN-005686|BEN-007710|BEN-005060|BEN-004261|BEN-003309|BEN-000692|BEN-002591|BEN-009342|BEN-006384|BEN-009612|BEN-003257|BEN-008341|BEN-008302|BEN-003551|BEN-009716|BEN-006965|BEN-006203|BEN-000891|BEN-008428|BEN-003548|BEN-003237|BEN-006902|BEN-005834|BEN-003568|BEN-006749|BEN-004395|BEN-004999|BEN-004389|BEN-008396|BEN-007057|BEN-008723|BEN-006361|BEN-006403|BEN-009098|BEN-008642|BEN-003904|BEN-000882|BEN-006383|BEN-006091|BEN-002265|BEN-008533|BEN-005184|BEN-005017|BEN-007723|BEN-007396|BEN-002088|BEN-008294|BEN-008890|BEN-005334|BEN-003312|BEN-003521|BEN-002272|BEN-006966|BEN-000176|BEN-009202|BEN-002452|BEN-008582|BEN-008146|BEN-009112|BEN-007995|BEN-003440,Routine low-value synthetic service payments to ACC-010319; not an injected suspicious collector.
CONTROL-0179,COMPATIBLE_SCHEMES,BEN-003455|BEN-007075,Tuition and study-material support are permitted together in the same year.
CONTROL-0008,COMPATIBLE_SCHEMES,BEN-000418|BEN-006773,Tuition and study-material support are permitted together in the same year.
CONTROL-0091,HOSTEL_ADDRESS,BEN-002949|BEN-008230|BEN-006348|BEN-001432|BEN-003294,Five distinct residents share a hostel address; individual accounts and contacts.
CONTROL-0160,BENIGN_CYCLE,BEN-005840|BEN-001973|BEN-008547,A funded roommate expense advance is repaid through three accounts.
CONTROL-0148,IDENTICAL_NAME,BEN-000738|BEN-000286,"Same full name, distinct birth dates, contacts and accounts."
CONTROL-0047,FAMILY_CONTACT,BEN-004597|BEN-005719|BEN-004065,Distinct family members share their household contact and residence.
CONTROL-0107,COMPATIBLE_SCHEMES,BEN-005646|BEN-001163,Tuition and study-material support are permitted together in the same year.
CONTROL-0146,FAMILY_CONTACT,BEN-001046|BEN-006624|BEN-005506,Distinct family members share their household contact and residence.
CONTROL-0257,COMMON_SURNAME,BEN-006901|BEN-002022|BEN-007673,Distinct local students share a common surname and institution.
CONTROL-0191,FAMILY_CONTACT,BEN-000481|BEN-004824|BEN-008487,Distinct family members share their household contact and residence.
CONTROL-0006,REGISTRATION_CAMP,BEN-000122|BEN-006817|BEN-009595,Genuine campus enrollment camp produces a short registration burst.
CONTROL-0173,FAMILY_CONTACT,BEN-008394|BEN-002298|BEN-001595,Distinct family members share their household contact and residence.
CONTROL-0147,GUARDIAN_ACCOUNT,BEN-004506|BEN-000919,Two distinct students have recorded guardian payout authorization.
CONTROL-0250,BENIGN_CYCLE,BEN-009633|BEN-001444|BEN-005915,A funded roommate expense advance is repaid through three accounts.
CONTROL-0174,GUARDIAN_ACCOUNT,BEN-006937|BEN-008725,Two distinct students have recorded guardian payout authorization.
CONTROL-0215,COMPATIBLE_SCHEMES,BEN-003638|BEN-004442,Tuition and study-material support are permitted together in the same year.
CONTROL-0021,GUARDIAN_ACCOUNT,BEN-007523|BEN-001221,Two distinct students have recorded guardian payout authorization.
CONTROL-0015,REGISTRATION_CAMP,BEN-002680|BEN-009581|BEN-006017,Genuine campus enrollment camp produces a short registration burst.
CONTROL-0064,HOSTEL_ADDRESS,BEN-005333|BEN-002317|BEN-009713|BEN-002410|BEN-007747,Five distinct residents share a hostel address; individual accounts and contacts.
CONTROL-0043,BENIGN_CYCLE,BEN-007714|BEN-004530|BEN-003727,A funded roommate expense advance is repaid through three accounts.
CONTROL-0165,GUARDIAN_ACCOUNT,BEN-002343|BEN-004782,Two distinct students have recorded guardian payout authorization.
CONTROL-0222,REGISTRATION_CAMP,BEN-007751|BEN-002718|BEN-008335,Genuine campus enrollment camp produces a short registration burst.
CONTROL-0129,GUARDIAN_ACCOUNT,BEN-002277|BEN-001958,Two distinct students have recorded guardian payout authorization.
CONTROL-0206,COMPATIBLE_SCHEMES,BEN-003672|BEN-002938,Tuition and study-material support are permitted together in the same year.
CONTROL-0007,BENIGN_CYCLE,BEN-009261|BEN-009245|BEN-004355,A funded roommate expense advance is repaid through three accounts.
CONTROL-0117,CORRECTED_APPLICATION,BEN-004007|BEN-008960,An earlier cancelled application is replaced by one approved claim; cancelled claim is unpaid.
CONTROL-0219,GUARDIAN_ACCOUNT,BEN-006485|BEN-003246,Two distinct students have recorded guardian payout authorization.
CONTROL-0128,FAMILY_CONTACT,BEN-003076|BEN-008462|BEN-001169,Distinct family members share their household contact and residence.
CONTROL-0078,REGISTRATION_CAMP,BEN-000989|BEN-001657|BEN-007879,Genuine campus enrollment camp produces a short registration burst.
CONTROL-0287,BENIGN_COLLECTION,BEN-007286|BEN-001192|BEN-008606|BEN-003861|BEN-002269|BEN-004484|BEN-003897|BEN-004335|BEN-004604|BEN-008544|BEN-003118|BEN-002841|BEN-002317|BEN-006365|BEN-002033|BEN-007657|BEN-000168|BEN-004088|BEN-009462|BEN-003278|BEN-009256|BEN-003828|BEN-005778|BEN-002940|BEN-009676|BEN-004126|BEN-005635|BEN-000018|BEN-006061|BEN-003446|BEN-004926|BEN-000562|BEN-005549|BEN-006998|BEN-005207|BEN-006036|BEN-004679|BEN-001266|BEN-006363|BEN-007233|BEN-003991|BEN-004781|BEN-004645|BEN-006597|BEN-004774|BEN-003096|BEN-005359|BEN-000661|BEN-003703|BEN-001474|BEN-005128|BEN-004705|BEN-002257|BEN-004481|BEN-002424|BEN-001612|BEN-002215|BEN-002808|BEN-008798|BEN-007323|BEN-001015|BEN-008984|BEN-001154,Routine low-value synthetic service payments to ACC-018267; not an injected suspicious collector.
CONTROL-0200,FAMILY_CONTACT,BEN-007470|BEN-003879|BEN-007102,Distinct family members share their household contact and residence.
CONTROL-0105,REGISTRATION_CAMP,BEN-006305|BEN-002338|BEN-003685,Genuine campus enrollment camp produces a short registration burst.
CONTROL-0101,FAMILY_CONTACT,BEN-001708|BEN-009114|BEN-004229,Distinct family members share their household contact and residence.
CONTROL-0123,REGISTRATION_CAMP,BEN-004343|BEN-006278|BEN-003863,Genuine campus enrollment camp produces a short registration burst.
CONTROL-0023,COMMON_SURNAME,BEN-009012|BEN-005594|BEN-002429,Distinct local students share a common surname and institution.
CONTROL-0154,HOSTEL_ADDRESS,BEN-004439|BEN-002816|BEN-003085|BEN-008197|BEN-007074,Five distinct residents share a hostel address; individual accounts and contacts.
CONTROL-0099,CORRECTED_APPLICATION,BEN-002960|BEN-009177,An earlier cancelled application is replaced by one approved claim; cancelled claim is unpaid.
CONTROL-0016,BENIGN_CYCLE,BEN-009762|BEN-004969|BEN-000807,A funded roommate expense advance is repaid through three accounts.
CONTROL-0295,BENIGN_COLLECTION,BEN-007757|BEN-003881|BEN-007501|BEN-009109|BEN-004214|BEN-004809|BEN-002670|BEN-005418|BEN-006170|BEN-002476|BEN-005770|BEN-007656|BEN-004576|BEN-000343|BEN-003431|BEN-003633|BEN-009792|BEN-008601|BEN-007134|BEN-008150|BEN-004642|BEN-002185|BEN-006430|BEN-004305|BEN-008594|BEN-007915|BEN-007054|BEN-005361|BEN-006697|BEN-006145|BEN-001377|BEN-004038|BEN-003191|BEN-008263|BEN-000922|BEN-009584|BEN-002875|BEN-003622|BEN-005603|BEN-004641|BEN-000875|BEN-009082|BEN-006225|BEN-006616|BEN-002629|BEN-000791|BEN-004203|BEN-002224|BEN-001195|BEN-007224|BEN-000415|BEN-001609|BEN-002918|BEN-003651|BEN-008296|BEN-005483|BEN-003433|BEN-006507|BEN-004453|BEN-004710|BEN-000978|BEN-007253|BEN-007999|BEN-005460|BEN-001304|BEN-006641|BEN-005516,Routine low-value synthetic service payments to ACC-029223; not an injected suspicious collector.
CONTROL-0034,BENIGN_CYCLE,BEN-005373|BEN-005381|BEN-001770,A funded roommate expense advance is repaid through three accounts.
CONTROL-0289,BENIGN_COLLECTION,BEN-005734|BEN-001542|BEN-001004|BEN-009196|BEN-007288|BEN-003354|BEN-008282|BEN-005250|BEN-009230|BEN-009216|BEN-004731|BEN-001315|BEN-008656|BEN-003320|BEN-003534|BEN-000913|BEN-000783|BEN-001632|BEN-005335|BEN-008658|BEN-007903|BEN-000166|BEN-001349|BEN-008917|BEN-002312|BEN-005043|BEN-005165|BEN-008498|BEN-005286|BEN-003503|BEN-001985|BEN-001421|BEN-008124|BEN-005783|BEN-007051|BEN-004747|BEN-008040|BEN-009783|BEN-004824|BEN-007926|BEN-001629|BEN-002041|BEN-003373|BEN-000512|BEN-003209|BEN-002166|BEN-004631|BEN-004770|BEN-001590|BEN-009055|BEN-005033|BEN-005199|BEN-002239|BEN-008256|BEN-003452|BEN-005719|BEN-000629|BEN-005243|BEN-001393|BEN-003797|BEN-003400|BEN-002554|BEN-005510|BEN-006706|BEN-000942|BEN-009566|BEN-004527|BEN-009908|BEN-009160|BEN-001591|BEN-007201|BEN-005911|BEN-000576|BEN-008908|BEN-004810|BEN-004943,Routine low-value synthetic service payments to ACC-020550; not an injected suspicious collector.
CONTROL-0042,REGISTRATION_CAMP,BEN-001258|BEN-007540|BEN-005787,Genuine campus enrollment camp produces a short registration burst.
CONTROL-0053,COMPATIBLE_SCHEMES,BEN-009286|BEN-005225,Tuition and study-material support are permitted together in the same year.
CONTROL-0033,REGISTRATION_CAMP,BEN-001593|BEN-001694|BEN-008609,Genuine campus enrollment camp produces a short registration burst.
CONTROL-0040,IDENTICAL_NAME,BEN-002153|BEN-000649,"Same full name, distinct birth dates, contacts and accounts."
CONTROL-0065,FAMILY_CONTACT,BEN-004010|BEN-000759|BEN-001435,Distinct family members share their household contact and residence.
CONTROL-0276,BENIGN_COLLECTION,BEN-001357|BEN-009878|BEN-006389|BEN-000089|BEN-004875|BEN-003794|BEN-004901|BEN-009917|BEN-005365|BEN-002613|BEN-004483|BEN-005022|BEN-007684|BEN-003415|BEN-000798|BEN-001466|BEN-000623|BEN-001113|BEN-007820|BEN-009589|BEN-003469|BEN-005768|BEN-002737|BEN-004372|BEN-007445|BEN-001451|BEN-006240|BEN-006017|BEN-003182|BEN-004866|BEN-002298|BEN-006249|BEN-000707|BEN-007156|BEN-002548|BEN-005067|BEN-004724|BEN-009141|BEN-003091|BEN-004173|BEN-006671|BEN-007577|BEN-007817|BEN-001237|BEN-005407|BEN-002646|BEN-000526|BEN-006460|BEN-002730|BEN-009858|BEN-004816|BEN-006704|BEN-003876|BEN-006805|BEN-009106|BEN-008103|BEN-000295|BEN-009782|BEN-005821|BEN-004229|BEN-003475|BEN-007364|BEN-001003|BEN-003480|BEN-001302|BEN-000106|BEN-003161|BEN-006183|BEN-005096|BEN-001060|BEN-009847|BEN-006515|BEN-009808|BEN-001106|BEN-000068|BEN-002602,Routine low-value synthetic service payments to ACC-028010; not an injected suspicious collector.
CONTROL-0106,BENIGN_CYCLE,BEN-004274|BEN-009088|BEN-005699,A funded roommate expense advance is repaid through three accounts.
CONTROL-0076,IDENTICAL_NAME,BEN-008281|BEN-008699,"Same full name, distinct birth dates, contacts and accounts."
CONTROL-0293,BENIGN_COLLECTION,BEN-004338|BEN-004025|BEN-001134|BEN-003992|BEN-002274|BEN-001911|BEN-007994|BEN-008549|BEN-008786|BEN-002050|BEN-006658|BEN-008693|BEN-005735|BEN-006876|BEN-002990|BEN-002981|BEN-002553|BEN-008218|BEN-001743|BEN-006467|BEN-005869|BEN-004720|BEN-001533|BEN-003599|BEN-000087|BEN-004894|BEN-006484|BEN-002793|BEN-002845|BEN-002817|BEN-001053|BEN-002171|BEN-009311|BEN-009236|BEN-005926|BEN-007734|BEN-009895|BEN-001834|BEN-009264|BEN-006536|BEN-003843|BEN-009186|BEN-007581|BEN-004708|BEN-003339|BEN-004118|BEN-007945|BEN-009850|BEN-002560|BEN-008628|BEN-007615|BEN-004583|BEN-005472|BEN-006174|BEN-006083|BEN-005058|BEN-009752|BEN-005163|BEN-000147|BEN-000912|BEN-005030|BEN-002246|BEN-002706|BEN-008508|BEN-001274|BEN-007612|BEN-006139|BEN-000260|BEN-001919,Routine low-value synthetic service payments to ACC-012449; not an injected suspicious collector.
CONTROL-0036,CORRECTED_APPLICATION,BEN-007928|BEN-005567,An earlier cancelled application is replaced by one approved claim; cancelled claim is unpaid.
CONTROL-0112,IDENTICAL_NAME,BEN-003339|BEN-001273,"Same full name, distinct birth dates, contacts and accounts."
CONTROL-0124,BENIGN_CYCLE,BEN-006526|BEN-001769|BEN-008876,A funded roommate expense advance is repaid through three accounts.
CONTROL-0244,HOSTEL_ADDRESS,BEN-001713|BEN-002689|BEN-008282|BEN-007406|BEN-009191,Five distinct residents share a hostel address; individual accounts and contacts.
CONTROL-0162,CORRECTED_APPLICATION,BEN-004901|BEN-004670,An earlier cancelled application is replaced by one approved claim; cancelled claim is unpaid.
CONTROL-0145,HOSTEL_ADDRESS,BEN-006900|BEN-006974|BEN-001505|BEN-000202|BEN-007028,Five distinct residents share a hostel address; individual accounts and contacts.
CONTROL-0205,BENIGN_CYCLE,BEN-003267|BEN-005196|BEN-007107,A funded roommate expense advance is repaid through three accounts.
CONTROL-0134,COMPATIBLE_SCHEMES,BEN-004199|BEN-004461,Tuition and study-material support are permitted together in the same year.
CONTROL-0151,BENIGN_CYCLE,BEN-003380|BEN-001487|BEN-007240,A funded roommate expense advance is repaid through three accounts.
CONTROL-0153,CORRECTED_APPLICATION,BEN-003081|BEN-002478,An earlier cancelled application is replaced by one approved claim; cancelled claim is unpaid.
CONTROL-0259,BENIGN_CYCLE,BEN-003183|BEN-008850|BEN-007625,A funded roommate expense advance is repaid through three accounts.
CONTROL-0256,IDENTICAL_NAME,BEN-006130|BEN-008610,"Same full name, distinct birth dates, contacts and accounts."
CONTROL-0060,REGISTRATION_CAMP,BEN-005831|BEN-001021|BEN-004962,Genuine campus enrollment camp produces a short registration burst.
CONTROL-0281,BENIGN_COLLECTION,BEN-004166|BEN-001361|BEN-005086|BEN-005689|BEN-003408|BEN-008935|BEN-009871|BEN-005187|BEN-004893|BEN-009715|BEN-008466|BEN-003946|BEN-002683|BEN-008176|BEN-009817|BEN-005288|BEN-006386|BEN-006784|BEN-008591|BEN-003564|BEN-000127|BEN-009950|BEN-001347|BEN-005273|BEN-000525|BEN-000325|BEN-001871|BEN-005375|BEN-002950|BEN-007120|BEN-008236|BEN-000193|BEN-007878|BEN-003379|BEN-006503|BEN-005075|BEN-009931|BEN-005484|BEN-009014|BEN-004441|BEN-006269|BEN-002746|BEN-000187|BEN-000211|BEN-001843|BEN-004415|BEN-003583|BEN-002436|BEN-005857|BEN-002219|BEN-005118|BEN-006942|BEN-009228|BEN-007047|BEN-005623|BEN-008863|BEN-007773|BEN-001098|BEN-002307|BEN-000026|BEN-004739|BEN-005918,Routine low-value synthetic service payments to ACC-019505; not an injected suspicious collector.
CONTROL-0156,GUARDIAN_ACCOUNT,BEN-006200|BEN-008963,Two distinct students have recorded guardian payout authorization.
CONTROL-0159,REGISTRATION_CAMP,BEN-002859|BEN-002207|BEN-000595,Genuine campus enrollment camp produces a short registration burst.
CONTROL-0014,COMMON_SURNAME,BEN-007152|BEN-004972|BEN-009893,Distinct local students share a common surname and institution.
CONTROL-0229,IDENTICAL_NAME,BEN-005762|BEN-008754,"Same full name, distinct birth dates, contacts and accounts."
CONTROL-0011,FAMILY_CONTACT,BEN-001916|BEN-008172|BEN-007394,Distinct family members share their household contact and residence.
CONTROL-0263,FAMILY_CONTACT,BEN-004270|BEN-007784|BEN-004266,Distinct family members share their household contact and residence.
CONTROL-0220,IDENTICAL_NAME,BEN-006788|BEN-003212,"Same full name, distinct birth dates, contacts and accounts."
CONTROL-0080,COMPATIBLE_SCHEMES,BEN-003858|BEN-008182,Tuition and study-material support are permitted together in the same year.
CONTROL-0121,IDENTICAL_NAME,BEN-008064|BEN-003997,"Same full name, distinct birth dates, contacts and accounts."
CONTROL-0158,COMMON_SURNAME,BEN-000193|BEN-001607|BEN-007011,Distinct local students share a common surname and institution.
CONTROL-0188,COMPATIBLE_SCHEMES,BEN-004083|BEN-005328,Tuition and study-material support are permitted together in the same year.
CONTROL-0132,REGISTRATION_CAMP,BEN-006734|BEN-000804|BEN-007904,Genuine campus enrollment camp produces a short registration burst.
CONTROL-0019,HOSTEL_ADDRESS,BEN-007323|BEN-007510|BEN-005932|BEN-000849|BEN-005801,Five distinct residents share a hostel address; individual accounts and contacts.
CONTROL-0202,IDENTICAL_NAME,BEN-004703|BEN-004766,"Same full name, distinct birth dates, contacts and accounts."
CONTROL-0083,FAMILY_CONTACT,BEN-004428|BEN-004778|BEN-001116,Distinct family members share their household contact and residence.
CONTROL-0054,CORRECTED_APPLICATION,BEN-004705|BEN-003363,An earlier cancelled application is replaced by one approved claim; cancelled claim is unpaid.
CONTROL-0001,HOSTEL_ADDRESS,BEN-000608|BEN-009833|BEN-005498|BEN-001334|BEN-008505,Five distinct residents share a hostel address; individual accounts and contacts.
CONTROL-0025,BENIGN_CYCLE,BEN-008289|BEN-002253|BEN-009444,A funded roommate expense advance is repaid through three accounts.
CONTROL-0212,COMMON_SURNAME,BEN-006779|BEN-007480|BEN-002462,Distinct local students share a common surname and institution.
CONTROL-0254,FAMILY_CONTACT,BEN-007268|BEN-001928|BEN-003268,Distinct family members share their household contact and residence.
CONTROL-0086,COMMON_SURNAME,BEN-000748|BEN-003715|BEN-008013,Distinct local students share a common surname and institution.
CONTROL-0068,COMMON_SURNAME,BEN-002012|BEN-007499|BEN-003098,Distinct local students share a common surname and institution.
CONTROL-0109,HOSTEL_ADDRESS,BEN-006964|BEN-008236|BEN-005131|BEN-008878|BEN-006431,Five distinct residents share a hostel address; individual accounts and contacts.
CONTROL-0073,HOSTEL_ADDRESS,BEN-004747|BEN-004294|BEN-007130|BEN-004234|BEN-003408,Five distinct residents share a hostel address; individual accounts and contacts.
CONTROL-0063,CORRECTED_APPLICATION,BEN-002094|BEN-002432,An earlier cancelled application is replaced by one approved claim; cancelled claim is unpaid.
CONTROL-0221,COMMON_SURNAME,BEN-001186|BEN-006852|BEN-009927,Distinct local students share a common surname and institution.
CONTROL-0183,GUARDIAN_ACCOUNT,BEN-003641|BEN-004113,Two distinct students have recorded guardian payout authorization.
CONTROL-0249,REGISTRATION_CAMP,BEN-007809|BEN-007999|BEN-009211,Genuine campus enrollment camp produces a short registration burst.
CONTROL-0130,IDENTICAL_NAME,BEN-000716|BEN-002389,"Same full name, distinct birth dates, contacts and accounts."
CONTROL-0213,REGISTRATION_CAMP,BEN-002254|BEN-000651|BEN-009055,Genuine campus enrollment camp produces a short registration burst.
CONTROL-0246,GUARDIAN_ACCOUNT,BEN-007202|BEN-009253,Two distinct students have recorded guardian payout authorization.
CONTROL-0098,COMPATIBLE_SCHEMES,BEN-003842|BEN-009570,Tuition and study-material support are permitted together in the same year.
CONTROL-0277,BENIGN_COLLECTION,BEN-005840|BEN-000558|BEN-001068|BEN-007114|BEN-004364|BEN-005041|BEN-008740|BEN-008065|BEN-008027|BEN-007385|BEN-002885|BEN-002193|BEN-001401|BEN-003692|BEN-003742|BEN-003598|BEN-004582|BEN-007997|BEN-004141|BEN-001993|BEN-006406|BEN-000196|BEN-007235|BEN-006086|BEN-003916|BEN-008670|BEN-006374|BEN-008941|BEN-002630|BEN-005108|BEN-009652|BEN-000389|BEN-000877|BEN-006976|BEN-002911|BEN-004197|BEN-009595|BEN-002615|BEN-006161|BEN-004729|BEN-006604|BEN-006317|BEN-005847|BEN-005331|BEN-007017|BEN-004593|BEN-001067|BEN-003653|BEN-003359|BEN-002581|BEN-006926|BEN-001258|BEN-002844|BEN-007103|BEN-003710|BEN-008973|BEN-007011|BEN-003136|BEN-006928|BEN-005139|BEN-002846|BEN-007007|BEN-006458|BEN-003963|BEN-001250|BEN-008758|BEN-001595|BEN-001363|BEN-003065|BEN-004957|BEN-003427|BEN-003476|BEN-002650|BEN-005159|BEN-003128|BEN-000254|BEN-005089|BEN-003114|BEN-008354|BEN-002657,Routine low-value synthetic service payments to ACC-017348; not an injected suspicious collector.
CONTROL-0024,REGISTRATION_CAMP,BEN-001933|BEN-003935|BEN-008375,Genuine campus enrollment camp produces a short registration burst.
CONTROL-0059,COMMON_SURNAME,BEN-008764|BEN-000925|BEN-004485,Distinct local students share a common surname and institution.
CONTROL-0169,BENIGN_CYCLE,BEN-009578|BEN-008517|BEN-008343,A funded roommate expense advance is repaid through three accounts.
CONTROL-0118,HOSTEL_ADDRESS,BEN-006496|BEN-009471|BEN-001355|BEN-009143|BEN-004264,Five distinct residents share a hostel address; individual accounts and contacts.
CONTROL-0171,CORRECTED_APPLICATION,BEN-002129|BEN-006539,An earlier cancelled application is replaced by one approved claim; cancelled claim is unpaid.
CONTROL-0251,COMPATIBLE_SCHEMES,BEN-006204|BEN-008523,Tuition and study-material support are permitted together in the same year.
CONTROL-0224,COMPATIBLE_SCHEMES,BEN-003404|BEN-006586,Tuition and study-material support are permitted together in the same year.
CONTROL-0026,COMPATIBLE_SCHEMES,BEN-006933|BEN-001211,Tuition and study-material support are permitted together in the same year.
CONTROL-0210,GUARDIAN_ACCOUNT,BEN-003550|BEN-006950,Two distinct students have recorded guardian payout authorization.
CONTROL-0261,CORRECTED_APPLICATION,BEN-001382|BEN-004394,An earlier cancelled application is replaced by one approved claim; cancelled claim is unpaid.
CONTROL-0297,BENIGN_COLLECTION,BEN-000414|BEN-004336|BEN-009969|BEN-005430|BEN-000636|BEN-001627|BEN-009409|BEN-005704|BEN-002203|BEN-008692|BEN-001082|BEN-007872|BEN-005005|BEN-003337|BEN-004890|BEN-001611|BEN-005557|BEN-003787|BEN-007070|BEN-007602|BEN-006892|BEN-003058|BEN-009626|BEN-009183|BEN-008976|BEN-008719|BEN-004259|BEN-002860|BEN-005008|BEN-006957|BEN-006733|BEN-003421|BEN-005533|BEN-003553|BEN-005937|BEN-007884|BEN-009244|BEN-004690|BEN-006840|BEN-006169|BEN-008985|BEN-001635|BEN-005357|BEN-007958|BEN-006826|BEN-007009|BEN-003933|BEN-005513|BEN-007681|BEN-009558|BEN-006167|BEN-000480|BEN-000327|BEN-000218|BEN-002799|BEN-008271|BEN-003921|BEN-007513|BEN-006007|BEN-007563|BEN-004370|BEN-003140,Routine low-value synthetic service payments to ACC-020631; not an injected suspicious collector.
CONTROL-0094,IDENTICAL_NAME,BEN-007770|BEN-008305,"Same full name, distinct birth dates, contacts and accounts."
CONTROL-0233,COMPATIBLE_SCHEMES,BEN-000968|BEN-008588,Tuition and study-material support are permitted together in the same year.
CONTROL-0243,CORRECTED_APPLICATION,BEN-007724|BEN-009635,An earlier cancelled application is replaced by one approved claim; cancelled claim is unpaid.
CONTROL-0090,CORRECTED_APPLICATION,BEN-009832|BEN-008498,An earlier cancelled application is replaced by one approved claim; cancelled claim is unpaid.
CONTROL-0280,BENIGN_COLLECTION,BEN-007401|BEN-004048|BEN-000309|BEN-002083|BEN-000472|BEN-006322|BEN-000272|BEN-001594|BEN-000366|BEN-005674|BEN-004881|BEN-008017|BEN-008832|BEN-000276|BEN-007622|BEN-005564|BEN-008913|BEN-005521|BEN-001701|BEN-009536|BEN-000950|BEN-000592|BEN-002294|BEN-001998|BEN-003370|BEN-003003|BEN-002103|BEN-007797|BEN-008398|BEN-005901|BEN-009149|BEN-001572|BEN-008937|BEN-005975|BEN-000051|BEN-003018|BEN-005992|BEN-006628|BEN-004898|BEN-009262|BEN-006187|BEN-009456|BEN-000646|BEN-005261|BEN-003701|BEN-001438|BEN-007984|BEN-000111|BEN-004713|BEN-004119|BEN-004519|BEN-005373|BEN-009540|BEN-008096|BEN-008220|BEN-009164|BEN-000854|BEN-003757|BEN-007209|BEN-009302|BEN-003156|BEN-009876,Routine low-value synthetic service payments to ACC-000396; not an injected suspicious collector.
CONTROL-0185,COMMON_SURNAME,BEN-008382|BEN-009900|BEN-001401,Distinct local students share a common surname and institution.
CONTROL-0192,GUARDIAN_ACCOUNT,BEN-007914|BEN-004928,Two distinct students have recorded guardian payout authorization.
CONTROL-0268,BENIGN_CYCLE,BEN-003598|BEN-004499|BEN-009790,A funded roommate expense advance is repaid through three accounts.
CONTROL-0125,COMPATIBLE_SCHEMES,BEN-008563|BEN-005564,Tuition and study-material support are permitted together in the same year.
CONTROL-0161,COMPATIBLE_SCHEMES,BEN-007691|BEN-002158,Tuition and study-material support are permitted together in the same year.
CONTROL-0167,COMMON_SURNAME,BEN-002171|BEN-008307|BEN-000270,Distinct local students share a common surname and institution.
CONTROL-0196,BENIGN_CYCLE,BEN-004186|BEN-000206|BEN-002038,A funded roommate expense advance is repaid through three accounts.
CONTROL-0075,GUARDIAN_ACCOUNT,BEN-009798|BEN-005428,Two distinct students have recorded guardian payout authorization.
CONTROL-0278,BENIGN_COLLECTION,BEN-000975|BEN-000149|BEN-001287|BEN-003973|BEN-006168|BEN-004591|BEN-001360|BEN-006993|BEN-000598|BEN-005771|BEN-006734|BEN-003753|BEN-007161|BEN-000953|BEN-003999|BEN-004283|BEN-003562|BEN-009790|BEN-007450|BEN-007324|BEN-008767|BEN-009235|BEN-002068|BEN-003392|BEN-000479|BEN-008431|BEN-001847|BEN-007930|BEN-003524|BEN-009957|BEN-001844|BEN-000056|BEN-007328|BEN-005878|BEN-003084|BEN-004223|BEN-005890|BEN-004432|BEN-001063|BEN-003072|BEN-002985|BEN-003330|BEN-007412|BEN-000688|BEN-003699|BEN-009656|BEN-003070|BEN-004651|BEN-007893|BEN-002313|BEN-003157|BEN-004257|BEN-009431|BEN-006854|BEN-000307|BEN-009089|BEN-004084|BEN-001078|BEN-007942,Routine low-value synthetic service payments to ACC-003958; not an injected suspicious collector.
CONTROL-0046,HOSTEL_ADDRESS,BEN-008513|BEN-003188|BEN-003968|BEN-000922|BEN-007426,Five distinct residents share a hostel address; individual accounts and contacts.
CONTROL-0010,HOSTEL_ADDRESS,BEN-008724|BEN-004749|BEN-004399|BEN-007273|BEN-003280,Five distinct residents share a hostel address; individual accounts and contacts.
CONTROL-0035,COMPATIBLE_SCHEMES,BEN-005125|BEN-000396,Tuition and study-material support are permitted together in the same year.
CONTROL-0285,BENIGN_COLLECTION,BEN-008075|BEN-005328|BEN-006350|BEN-005200|BEN-001724|BEN-005260|BEN-002502|BEN-003306|BEN-008665|BEN-007965|BEN-003227|BEN-008836|BEN-004178|BEN-006092|BEN-000507|BEN-001746|BEN-003098|BEN-007756|BEN-004523|BEN-003983|BEN-007645|BEN-004573|BEN-005714|BEN-008814|BEN-004294|BEN-001945|BEN-001090|BEN-004577|BEN-007129|BEN-005628|BEN-001524|BEN-000379|BEN-000487|BEN-008530|BEN-006972|BEN-009628|BEN-008713|BEN-005130|BEN-002323|BEN-002563|BEN-007012|BEN-009815|BEN-007032|BEN-004371|BEN-006233|BEN-003289|BEN-009451|BEN-005382|BEN-000279|BEN-004531|BEN-009993|BEN-007800|BEN-003496|BEN-006893|BEN-009453|BEN-007582|BEN-008483|BEN-005392|BEN-008043,Routine low-value synthetic service payments to ACC-004896; not an injected suspicious collector.
CONTROL-0041,COMMON_SURNAME,BEN-005643|BEN-006133|BEN-006423,Distinct local students share a common surname and institution.
CONTROL-0052,BENIGN_CYCLE,BEN-004025|BEN-006138|BEN-001446,A funded roommate expense advance is repaid through three accounts.
CONTROL-0225,CORRECTED_APPLICATION,BEN-009483|BEN-000472,An earlier cancelled application is replaced by one approved claim; cancelled claim is unpaid.
CONTROL-0157,IDENTICAL_NAME,BEN-007781|BEN-008294,"Same full name, distinct birth dates, contacts and accounts."
CONTROL-0232,BENIGN_CYCLE,BEN-004719|BEN-008125|BEN-003343,A funded roommate expense advance is repaid through three accounts.
CONTROL-0230,COMMON_SURNAME,BEN-009429|BEN-002339|BEN-008032,Distinct local students share a common surname and institution.
CONTROL-0175,IDENTICAL_NAME,BEN-002482|BEN-006821,"Same full name, distinct birth dates, contacts and accounts."
CONTROL-0292,BENIGN_COLLECTION,BEN-000136|BEN-008235|BEN-001126|BEN-003385|BEN-006685|BEN-003097|BEN-005061|BEN-007840|BEN-008598|BEN-003063|BEN-001219|BEN-006906|BEN-004872|BEN-007042|BEN-009309|BEN-001717|BEN-004347|BEN-007874|BEN-009769|BEN-000432|BEN-009806|BEN-009412|BEN-000989|BEN-007850|BEN-004521|BEN-008938|BEN-000466|BEN-006654|BEN-001069|BEN-008437|BEN-003033|BEN-004840|BEN-000075|BEN-001552|BEN-005077|BEN-002136|BEN-007232|BEN-001176|BEN-004438|BEN-006863|BEN-006878|BEN-005795|BEN-000887|BEN-002529|BEN-000029|BEN-008596|BEN-003455|BEN-002770|BEN-001499|BEN-007704|BEN-008474|BEN-009219|BEN-006882|BEN-005888|BEN-000460|BEN-007936|BEN-009762|BEN-000991|BEN-000704|BEN-008807|BEN-006293|BEN-008425|BEN-009708|BEN-004757|BEN-001878,Routine low-value synthetic service payments to ACC-024409; not an injected suspicious collector.
CONTROL-0204,REGISTRATION_CAMP,BEN-009884|BEN-004246|BEN-007318,Genuine campus enrollment camp produces a short registration burst.
CONTROL-0079,BENIGN_CYCLE,BEN-005067|BEN-006215|BEN-009065,A funded roommate expense advance is repaid through three accounts.
CONTROL-0004,IDENTICAL_NAME,BEN-009654|BEN-009752,"Same full name, distinct birth dates, contacts and accounts."
CONTROL-0088,BENIGN_CYCLE,BEN-004080|BEN-005245|BEN-008117,A funded roommate expense advance is repaid through three accounts.
CONTROL-0236,FAMILY_CONTACT,BEN-008910|BEN-009145|BEN-004370,Distinct family members share their household contact and residence.
CONTROL-0176,COMMON_SURNAME,BEN-001268|BEN-001766|BEN-003213,Distinct local students share a common surname and institution.
CONTROL-0142,BENIGN_CYCLE,BEN-003329|BEN-009435|BEN-009264,A funded roommate expense advance is repaid through three accounts.
CONTROL-0104,COMMON_SURNAME,BEN-006663|BEN-002751|BEN-001683,Distinct local students share a common surname and institution.
CONTROL-0069,REGISTRATION_CAMP,BEN-007314|BEN-003287|BEN-005057,Genuine campus enrollment camp produces a short registration burst.
CONTROL-0164,FAMILY_CONTACT,BEN-002827|BEN-006172|BEN-009460,Distinct family members share their household contact and residence.
CONTROL-0037,HOSTEL_ADDRESS,BEN-000956|BEN-009585|BEN-000556|BEN-004227|BEN-008173,Five distinct residents share a hostel address; individual accounts and contacts.
CONTROL-0195,REGISTRATION_CAMP,BEN-005827|BEN-002561|BEN-001132,Genuine campus enrollment camp produces a short registration burst.
CONTROL-0226,HOSTEL_ADDRESS,BEN-008065|BEN-008833|BEN-002553|BEN-005878|BEN-005149,Five distinct residents share a hostel address; individual accounts and contacts.
CONTROL-0013,IDENTICAL_NAME,BEN-000295|BEN-008959,"Same full name, distinct birth dates, contacts and accounts."
CONTROL-0286,BENIGN_COLLECTION,BEN-007065|BEN-007342|BEN-005916|BEN-003056|BEN-006159|BEN-001037|BEN-000054|BEN-000600|BEN-009478|BEN-007736|BEN-002321|BEN-006206|BEN-003952|BEN-002158|BEN-008460|BEN-001301|BEN-000477|BEN-004544|BEN-008834|BEN-008110|BEN-002618|BEN-003584|BEN-007267|BEN-001486|BEN-001731|BEN-002678|BEN-004131|BEN-007157|BEN-009505|BEN-000437|BEN-006546|BEN-007069|BEN-001811|BEN-001128|BEN-007013|BEN-002977|BEN-009496|BEN-000457|BEN-000364|BEN-000814|BEN-007562|BEN-006001|BEN-009069|BEN-009786|BEN-003052|BEN-008579|BEN-009668|BEN-000961|BEN-005796|BEN-002415|BEN-002094|BEN-004539|BEN-002916|BEN-005116|BEN-004474|BEN-009298|BEN-001105|BEN-006263|BEN-005076|BEN-001511|BEN-002761|BEN-005585|BEN-009884|BEN-004688|BEN-006839|BEN-005670,Routine low-value synthetic service payments to ACC-006926; not an injected suspicious collector.
CONTROL-0005,COMMON_SURNAME,BEN-004434|BEN-005704|BEN-008873,Distinct local students share a common surname and institution.
CONTROL-0029,FAMILY_CONTACT,BEN-001378|BEN-003005|BEN-000515,Distinct family members share their household contact and residence.
CONTROL-0122,COMMON_SURNAME,BEN-005727|BEN-005666|BEN-000887,Distinct local students share a common surname and institution.
CONTROL-0077,COMMON_SURNAME,BEN-009874|BEN-006988|BEN-000249,Distinct local students share a common surname and institution.
CONTROL-0067,IDENTICAL_NAME,BEN-001672|BEN-009279,"Same full name, distinct birth dates, contacts and accounts."
CONTROL-0136,HOSTEL_ADDRESS,BEN-006823|BEN-004662|BEN-001938|BEN-005574|BEN-004528,Five distinct residents share a hostel address; individual accounts and contacts.
CONTROL-0194,COMMON_SURNAME,BEN-005687|BEN-006155|BEN-001640,Distinct local students share a common surname and institution.
CONTROL-0240,REGISTRATION_CAMP,BEN-002057|BEN-009845|BEN-001177,Genuine campus enrollment camp produces a short registration burst.
CONTROL-0187,BENIGN_CYCLE,BEN-004335|BEN-005839|BEN-003688,A funded roommate expense advance is repaid through three accounts.
CONTROL-0214,BENIGN_CYCLE,BEN-000914|BEN-000450|BEN-002990,A funded roommate expense advance is repaid through three accounts.
CONTROL-0027,CORRECTED_APPLICATION,BEN-007157|BEN-004715,An earlier cancelled application is replaced by one approved claim; cancelled claim is unpaid.
CONTROL-0071,COMPATIBLE_SCHEMES,BEN-001624|BEN-002906,Tuition and study-material support are permitted together in the same year.
CONTROL-0030,GUARDIAN_ACCOUNT,BEN-008412|BEN-005969,Two distinct students have recorded guardian payout authorization.
CONTROL-0093,GUARDIAN_ACCOUNT,BEN-009418|BEN-002106,Two distinct students have recorded guardian payout authorization.
CONTROL-0207,CORRECTED_APPLICATION,BEN-004526|BEN-005630,An earlier cancelled application is replaced by one approved claim; cancelled claim is unpaid.
CONTROL-0143,COMPATIBLE_SCHEMES,BEN-003478|BEN-003059,Tuition and study-material support are permitted together in the same year.
CONTROL-0114,REGISTRATION_CAMP,BEN-005823|BEN-008475|BEN-003882,Genuine campus enrollment camp produces a short registration burst.
CONTROL-0140,COMMON_SURNAME,BEN-006000|BEN-007018|BEN-001008,Distinct local students share a common surname and institution.
CONTROL-0018,CORRECTED_APPLICATION,BEN-005433|BEN-002491,An earlier cancelled application is replaced by one approved claim; cancelled claim is unpaid.
CONTROL-0279,BENIGN_COLLECTION,BEN-002983|BEN-005493|BEN-000489|BEN-005823|BEN-000694|BEN-009545|BEN-005939|BEN-009423|BEN-004070|BEN-007228|BEN-005020|BEN-009163|BEN-009285|BEN-009057|BEN-004470|BEN-007062|BEN-009354|BEN-006679|BEN-009824|BEN-001021|BEN-007714|BEN-001732|BEN-005709|BEN-003357|BEN-008849|BEN-005136|BEN-004159|BEN-003819|BEN-005397|BEN-005266|BEN-007644|BEN-002074|BEN-000999|BEN-002726|BEN-009851|BEN-000430|BEN-000894|BEN-002240|BEN-009627|BEN-009827|BEN-000289|BEN-004854|BEN-001234|BEN-003923|BEN-002641|BEN-003074|BEN-007691|BEN-004211|BEN-000599|BEN-007998|BEN-004059|BEN-000156|BEN-006665|BEN-003775|BEN-006925|BEN-003681|BEN-004913|BEN-006428|BEN-003882|BEN-007311|BEN-008371|BEN-003809|BEN-001058|BEN-002016|BEN-007891|BEN-005374|BEN-002955|BEN-006197|BEN-005330|BEN-007906|BEN-007653|BEN-001737|BEN-001103|BEN-002011|BEN-004671|BEN-003982|BEN-007507|BEN-002822|BEN-008611|BEN-000173|BEN-000853|BEN-007179,Routine low-value synthetic service payments to ACC-017958; not an injected suspicious collector.
CONTROL-0298,BENIGN_COLLECTION,BEN-008842|BEN-001001|BEN-005069|BEN-005991|BEN-003966|BEN-003066|BEN-002708|BEN-000826|BEN-007281|BEN-008456|BEN-004644|BEN-005970|BEN-009764|BEN-000874|BEN-007680|BEN-000449|BEN-008676|BEN-003036|BEN-002561|BEN-009234|BEN-008871|BEN-004179|BEN-009152|BEN-001840|BEN-003588|BEN-003117|BEN-000204|BEN-003092|BEN-006346|BEN-001639|BEN-003292|BEN-002309|BEN-008636|BEN-005072|BEN-005690|BEN-002483|BEN-001677|BEN-005420|BEN-006563|BEN-002582|BEN-009422|BEN-006815|BEN-003327|BEN-004987|BEN-002056|BEN-005808|BEN-003814|BEN-001553|BEN-004677|BEN-005695|BEN-002406|BEN-001674|BEN-007023|BEN-000189|BEN-000897|BEN-007626|BEN-003473|BEN-005560|BEN-000683|BEN-004342|BEN-004619|BEN-007594|BEN-008477|BEN-000635|BEN-008145|BEN-006292|BEN-004036|BEN-000404|BEN-001002|BEN-001116|BEN-004985|BEN-003449|BEN-003283|BEN-000572|BEN-007494,Routine low-value synthetic service payments to ACC-016166; not an injected suspicious collector.
CONTROL-0168,REGISTRATION_CAMP,BEN-008216|BEN-004629|BEN-001361,Genuine campus enrollment camp produces a short registration burst.
CONTROL-0155,FAMILY_CONTACT,BEN-008693|BEN-009484|BEN-006129,Distinct family members share their household contact and residence.
CONTROL-0110,FAMILY_CONTACT,BEN-001555|BEN-007468|BEN-007667,Distinct family members share their household contact and residence.
CONTROL-0119,FAMILY_CONTACT,BEN-005142|BEN-007754|BEN-008306,Distinct family members share their household contact and residence.
CONTROL-0032,COMMON_SURNAME,BEN-000778|BEN-002150|BEN-000485,Distinct local students share a common surname and institution.
CONTROL-0271,BENIGN_COLLECTION,BEN-001335|BEN-006121|BEN-002129|BEN-001222|BEN-004715|BEN-003920|BEN-009799|BEN-006693|BEN-007826|BEN-009295|BEN-008640|BEN-004205|BEN-004766|BEN-004917|BEN-004958|BEN-007223|BEN-002791|BEN-008293|BEN-007154|BEN-004552|BEN-009435|BEN-000429|BEN-005319|BEN-002299|BEN-000815|BEN-009132|BEN-008006|BEN-003207|BEN-007104|BEN-009184|BEN-001828|BEN-000185|BEN-006422|BEN-006026|BEN-009185|BEN-003167|BEN-006382|BEN-001796|BEN-007464|BEN-004517|BEN-004105|BEN-006534|BEN-000425|BEN-002283|BEN-007289|BEN-004425|BEN-003745|BEN-000451|BEN-001378|BEN-009979|BEN-003735|BEN-002319|BEN-008932|BEN-000543|BEN-006229|BEN-004352|BEN-008191|BEN-006058|BEN-009611|BEN-005701|BEN-008597|BEN-006205,Routine low-value synthetic service payments to ACC-007692; not an injected suspicious collector.
CONTROL-0247,IDENTICAL_NAME,BEN-005885|BEN-007401,"Same full name, distinct birth dates, contacts and accounts."
CONTROL-0061,BENIGN_CYCLE,BEN-009549|BEN-004982|BEN-001022,A funded roommate expense advance is repaid through three accounts.
CONTROL-0022,IDENTICAL_NAME,BEN-003080|BEN-003536,"Same full name, distinct birth dates, contacts and accounts."
CONTROL-0258,REGISTRATION_CAMP,BEN-002709|BEN-006559|BEN-000098,Genuine campus enrollment camp produces a short registration burst.
CONTROL-0193,IDENTICAL_NAME,BEN-005345|BEN-009106,"Same full name, distinct birth dates, contacts and accounts."
CONTROL-0273,BENIGN_COLLECTION,BEN-009649|BEN-005327|BEN-008900|BEN-007546|BEN-001306|BEN-006594|BEN-003910|BEN-001829|BEN-001690|BEN-004246|BEN-000946|BEN-001951|BEN-009039|BEN-008461|BEN-003170|BEN-003672|BEN-002954|BEN-000129|BEN-003465|BEN-002191|BEN-004333|BEN-000607|BEN-008339|BEN-005204|BEN-001041|BEN-007141|BEN-006097|BEN-009414|BEN-005913|BEN-005428|BEN-005568|BEN-005247|BEN-005997|BEN-000188|BEN-001229|BEN-005122|BEN-006338|BEN-000736|BEN-002101|BEN-008948|BEN-001709|BEN-009410|BEN-003970|BEN-001076|BEN-002693|BEN-009091|BEN-002633|BEN-000846|BEN-006528|BEN-001628|BEN-008210|BEN-001292|BEN-008325|BEN-009857|BEN-005657|BEN-003478|BEN-007237|BEN-004359|BEN-002690|BEN-001592|BEN-006230|BEN-000925|BEN-001913|BEN-007406|BEN-004959|BEN-009208|BEN-006983,Routine low-value synthetic service payments to ACC-023085; not an injected suspicious collector.
CONTROL-0089,COMPATIBLE_SCHEMES,BEN-008490|BEN-003965,Tuition and study-material support are permitted together in the same year.
CONTROL-0144,CORRECTED_APPLICATION,BEN-008691|BEN-004193,An earlier cancelled application is replaced by one approved claim; cancelled claim is unpaid.
CONTROL-0002,FAMILY_CONTACT,BEN-002477|BEN-000943|BEN-007188,Distinct family members share their household contact and residence.
CONTROL-0051,REGISTRATION_CAMP,BEN-006497|BEN-004682|BEN-008861,Genuine campus enrollment camp produces a short registration burst.
CONTROL-0057,GUARDIAN_ACCOUNT,BEN-004349|BEN-003900,Two distinct students have recorded guardian payout authorization.
CONTROL-0181,HOSTEL_ADDRESS,BEN-006640|BEN-005962|BEN-004400|BEN-007352|BEN-001105,Five distinct residents share a hostel address; individual accounts and contacts.
CONTROL-0264,GUARDIAN_ACCOUNT,BEN-003637|BEN-009966,Two distinct students have recorded guardian payout authorization.
CONTROL-0197,COMPATIBLE_SCHEMES,BEN-001948|BEN-002464,Tuition and study-material support are permitted together in the same year.
CONTROL-0211,IDENTICAL_NAME,BEN-009716|BEN-008688,"Same full name, distinct birth dates, contacts and accounts."
CONTROL-0299,BENIGN_COLLECTION,BEN-002515|BEN-007184|BEN-009618|BEN-003068|BEN-001700|BEN-009530|BEN-005804|BEN-002432|BEN-002738|BEN-005930|BEN-000518|BEN-003673|BEN-000691|BEN-007580|BEN-002867|BEN-007575|BEN-003993|BEN-004147|BEN-002696|BEN-000928|BEN-000036|BEN-002165|BEN-009182|BEN-005134|BEN-006986|BEN-000095|BEN-002518|BEN-008701|BEN-000992|BEN-005406|BEN-004445|BEN-005691|BEN-000418|BEN-000539|BEN-001013|BEN-009494|BEN-006222|BEN-003231|BEN-002149|BEN-005594|BEN-002796|BEN-000001|BEN-008804|BEN-008709|BEN-007606|BEN-001977|BEN-005133|BEN-005249|BEN-009630|BEN-006819|BEN-000293|BEN-004454|BEN-001328|BEN-007987|BEN-006315|BEN-002507|BEN-005791|BEN-006525|BEN-000384|BEN-002922|BEN-008234|BEN-002854|BEN-007000|BEN-005267|BEN-005965,Routine low-value synthetic service payments to ACC-009274; not an injected suspicious collector.
CONTROL-0087,REGISTRATION_CAMP,BEN-001419|BEN-007664|BEN-007763,Genuine campus enrollment camp produces a short registration burst.
CONTROL-0003,GUARDIAN_ACCOUNT,BEN-004309|BEN-007958,Two distinct students have recorded guardian payout authorization.
CONTROL-0177,REGISTRATION_CAMP,BEN-001338|BEN-009301|BEN-002942,Genuine campus enrollment camp produces a short registration burst.
CONTROL-0266,COMMON_SURNAME,BEN-002541|BEN-009198|BEN-005136,Distinct local students share a common surname and institution.
CONTROL-0017,COMPATIBLE_SCHEMES,BEN-007776|BEN-005224,Tuition and study-material support are permitted together in the same year.
CONTROL-0252,CORRECTED_APPLICATION,BEN-008130|BEN-009048,An earlier cancelled application is replaced by one approved claim; cancelled claim is unpaid.
CONTROL-0288,BENIGN_COLLECTION,BEN-002390|BEN-001884|BEN-008813|BEN-008406|BEN-003720|BEN-002549|BEN-008568|BEN-009061|BEN-008147|BEN-009845|BEN-007533|BEN-002282|BEN-004155|BEN-002662|BEN-002709|BEN-002262|BEN-005572|BEN-009037|BEN-002540|BEN-000216|BEN-001658|BEN-007387|BEN-008540|BEN-001281|BEN-001836|BEN-009706|BEN-000442|BEN-001100|BEN-009543|BEN-007630|BEN-003176|BEN-002039|BEN-001344|BEN-006261|BEN-001320|BEN-006969|BEN-002589|BEN-001148|BEN-005083|BEN-004399|BEN-005627|BEN-005379|BEN-009705|BEN-007477|BEN-008788|BEN-000920|BEN-002060|BEN-002771|BEN-004314|BEN-006434|BEN-003830|BEN-003781|BEN-008433|BEN-001886|BEN-003869|BEN-009292|BEN-002192|BEN-007934|BEN-002066|BEN-007825|BEN-009181|BEN-000753|BEN-007271|BEN-009754|BEN-009059|BEN-007413,Routine low-value synthetic service payments to ACC-026700; not an injected suspicious collector.
CONTROL-0290,BENIGN_COLLECTION,BEN-002827|BEN-003281|BEN-000966|BEN-005434|BEN-008904|BEN-006676|BEN-006182|BEN-005228|BEN-006987|BEN-008983|BEN-006835|BEN-005989|BEN-003047|BEN-002622|BEN-004440|BEN-000421|BEN-004789|BEN-005257|BEN-009607|BEN-001437|BEN-003319|BEN-005209|BEN-005612|BEN-001492|BEN-006970|BEN-009377|BEN-000121|BEN-005448|BEN-003587|BEN-000022|BEN-009099|BEN-003786|BEN-005736|BEN-008280|BEN-008361|BEN-009428|BEN-009418|BEN-003689|BEN-001546|BEN-000020|BEN-007968|BEN-005252|BEN-008621|BEN-002830|BEN-009793|BEN-004444|BEN-007283|BEN-008532|BEN-003944|BEN-009001|BEN-000781|BEN-006087|BEN-002802|BEN-000730|BEN-002105|BEN-008068|BEN-000283|BEN-001688|BEN-005726|BEN-007750|BEN-006441|BEN-007569|BEN-009933|BEN-001680|BEN-008383|BEN-007969|BEN-002931|BEN-009441|BEN-004504|BEN-002176|BEN-003132|BEN-007643|BEN-004128|BEN-003181|BEN-001924|BEN-005534|BEN-007300|BEN-002692|BEN-006250|BEN-003669,Routine low-value synthetic service payments to ACC-023228; not an injected suspicious collector.
CONTROL-0028,HOSTEL_ADDRESS,BEN-004287|BEN-008968|BEN-009285|BEN-008299|BEN-006814,Five distinct residents share a hostel address; individual accounts and contacts.
CONTROL-0038,FAMILY_CONTACT,BEN-003470|BEN-004288|BEN-002086,Distinct family members share their household contact and residence.
CONTROL-0180,CORRECTED_APPLICATION,BEN-007249|BEN-006925,An earlier cancelled application is replaced by one approved claim; cancelled claim is unpaid.
CONTROL-0265,IDENTICAL_NAME,BEN-009427|BEN-001532,"Same full name, distinct birth dates, contacts and accounts."
CONTROL-0152,COMPATIBLE_SCHEMES,BEN-004619|BEN-006807,Tuition and study-material support are permitted together in the same year.
CONTROL-0201,GUARDIAN_ACCOUNT,BEN-005436|BEN-001727,Two distinct students have recorded guardian payout authorization.
CONTROL-0262,HOSTEL_ADDRESS,BEN-003793|BEN-003574|BEN-009368|BEN-002806|BEN-001905,Five distinct residents share a hostel address; individual accounts and contacts.
CONTROL-0097,BENIGN_CYCLE,BEN-005714|BEN-005006|BEN-006721,A funded roommate expense advance is repaid through three accounts.
CONTROL-0113,COMMON_SURNAME,BEN-004326|BEN-003743|BEN-009142,Distinct local students share a common surname and institution.
CONTROL-0100,HOSTEL_ADDRESS,BEN-005473|BEN-002747|BEN-005375|BEN-004364|BEN-002116,Five distinct residents share a hostel address; individual accounts and contacts.
CONTROL-0186,REGISTRATION_CAMP,BEN-008716|BEN-003421|BEN-002498,Genuine campus enrollment camp produces a short registration burst.
CONTROL-0103,IDENTICAL_NAME,BEN-009532|BEN-009478,"Same full name, distinct birth dates, contacts and accounts."
CONTROL-0172,HOSTEL_ADDRESS,BEN-006032|BEN-003629|BEN-000615|BEN-000512|BEN-005217,Five distinct residents share a hostel address; individual accounts and contacts.
CONTROL-0084,GUARDIAN_ACCOUNT,BEN-002947|BEN-005954,Two distinct students have recorded guardian payout authorization.
CONTROL-0218,FAMILY_CONTACT,BEN-009912|BEN-008318|BEN-005930,Distinct family members share their household contact and residence.
CONTROL-0238,IDENTICAL_NAME,BEN-005527|BEN-003141,"Same full name, distinct birth dates, contacts and accounts."
CONTROL-0182,FAMILY_CONTACT,BEN-008687|BEN-007438|BEN-002860,Distinct family members share their household contact and residence.
CONTROL-0199,HOSTEL_ADDRESS,BEN-006863|BEN-000858|BEN-006644|BEN-004979|BEN-006446,Five distinct residents share a hostel address; individual accounts and contacts.
CONTROL-0253,HOSTEL_ADDRESS,BEN-002707|BEN-009199|BEN-004947|BEN-008060|BEN-005145,Five distinct residents share a hostel address; individual accounts and contacts.
CONTROL-0062,COMPATIBLE_SCHEMES,BEN-005330|BEN-003946,Tuition and study-material support are permitted together in the same year.
CONTROL-0115,BENIGN_CYCLE,BEN-000414|BEN-005487|BEN-004224,A funded roommate expense advance is repaid through three accounts.
CONTROL-0116,COMPATIBLE_SCHEMES,BEN-009757|BEN-009436,Tuition and study-material support are permitted together in the same year.
CONTROL-0108,CORRECTED_APPLICATION,BEN-005214|BEN-006889,An earlier cancelled application is replaced by one approved claim; cancelled claim is unpaid.
CONTROL-0282,BENIGN_COLLECTION,BEN-005336|BEN-000785|BEN-008799|BEN-007026|BEN-008645|BEN-008630|BEN-003273|BEN-004550|BEN-001045|BEN-006221|BEN-001608|BEN-007597|BEN-000971|BEN-009976|BEN-002963|BEN-005412|BEN-008850|BEN-004001|BEN-005494|BEN-003615|BEN-007440|BEN-008270|BEN-005129|BEN-002213|BEN-003295|BEN-008049|BEN-000967|BEN-002769|BEN-006521|BEN-006720|BEN-009512|BEN-003302|BEN-002172|BEN-001331|BEN-001560|BEN-009474|BEN-009725|BEN-003067|BEN-002133|BEN-009875|BEN-005212|BEN-009835|BEN-008607|BEN-001238|BEN-001145|BEN-005321|BEN-002457|BEN-001262|BEN-001085|BEN-009897|BEN-004791|BEN-004400|BEN-005218|BEN-004822|BEN-003268|BEN-000131|BEN-005217|BEN-006787|BEN-008648|BEN-004085,Routine low-value synthetic service payments to ACC-029133; not an injected suspicious collector.
CONTROL-0137,FAMILY_CONTACT,BEN-000299|BEN-005060|BEN-007027,Distinct family members share their household contact and residence.
CONTROL-0216,CORRECTED_APPLICATION,BEN-005013|BEN-009551,An earlier cancelled application is replaced by one approved claim; cancelled claim is unpaid.
CONTROL-0138,GUARDIAN_ACCOUNT,BEN-006117|BEN-006161,Two distinct students have recorded guardian payout authorization.
CONTROL-0045,CORRECTED_APPLICATION,BEN-004735|BEN-009848,An earlier cancelled application is replaced by one approved claim; cancelled claim is unpaid.
CONTROL-0248,COMMON_SURNAME,BEN-007527|BEN-000239|BEN-003128,Distinct local students share a common surname and institution.
CONTROL-0055,HOSTEL_ADDRESS,BEN-007742|BEN-004592|BEN-009789|BEN-002205|BEN-004740,Five distinct residents share a hostel address; individual accounts and contacts.
CONTROL-0223,BENIGN_CYCLE,BEN-003639|BEN-009268|BEN-004855,A funded roommate expense advance is repaid through three accounts.
CONTROL-0120,GUARDIAN_ACCOUNT,BEN-004429|BEN-005382,Two distinct students have recorded guardian payout authorization.
CONTROL-0234,CORRECTED_APPLICATION,BEN-000059|BEN-006186,An earlier cancelled application is replaced by one approved claim; cancelled claim is unpaid.
CONTROL-0139,IDENTICAL_NAME,BEN-003283|BEN-001944,"Same full name, distinct birth dates, contacts and accounts."
CONTROL-0102,GUARDIAN_ACCOUNT,BEN-003382|BEN-008664,Two distinct students have recorded guardian payout authorization.
CONTROL-0275,BENIGN_COLLECTION,BEN-008418|BEN-009065|BEN-009674|BEN-008011|BEN-005936|BEN-003618|BEN-007144|BEN-001189|BEN-007025|BEN-002331|BEN-005966|BEN-000439|BEN-001182|BEN-005863|BEN-005280|BEN-009294|BEN-000855|BEN-005993|BEN-004843|BEN-000754|BEN-001519|BEN-007794|BEN-009532|BEN-007106|BEN-005237|BEN-009232|BEN-006690|BEN-003554|BEN-000830|BEN-005066|BEN-008129|BEN-001972|BEN-004409|BEN-008164|BEN-006913|BEN-007142|BEN-002768|BEN-006973|BEN-005271|BEN-003490|BEN-008730|BEN-004402|BEN-009836|BEN-002543|BEN-006049|BEN-003040|BEN-004133|BEN-008032|BEN-001966|BEN-001472|BEN-002685|BEN-009838|BEN-008206|BEN-003777,Routine low-value synthetic service payments to ACC-011482; not an injected suspicious collector.
CONTROL-0178,BENIGN_CYCLE,BEN-005558|BEN-000155|BEN-004816,A funded roommate expense advance is repaid through three accounts.
CONTROL-0208,HOSTEL_ADDRESS,BEN-001572|BEN-007658|BEN-005066|BEN-002705|BEN-002607,Five distinct residents share a hostel address; individual accounts and contacts.
CONTROL-0228,GUARDIAN_ACCOUNT,BEN-002888|BEN-009888,Two distinct students have recorded guardian payout authorization.
CONTROL-0150,REGISTRATION_CAMP,BEN-002145|BEN-003531|BEN-003269,Genuine campus enrollment camp produces a short registration burst.
CONTROL-0092,FAMILY_CONTACT,BEN-006376|BEN-009905|BEN-003413,Distinct family members share their household contact and residence.
CONTROL-0239,COMMON_SURNAME,BEN-004368|BEN-004863|BEN-005452,Distinct local students share a common surname and institution.
CONTROL-0163,HOSTEL_ADDRESS,BEN-004511|BEN-004189|BEN-003454|BEN-006110|BEN-000310,Five distinct residents share a hostel address; individual accounts and contacts.
CONTROL-0072,CORRECTED_APPLICATION,BEN-007370|BEN-005462,An earlier cancelled application is replaced by one approved claim; cancelled claim is unpaid.
CONTROL-0270,CORRECTED_APPLICATION,BEN-008075|BEN-007031,An earlier cancelled application is replaced by one approved claim; cancelled claim is unpaid.
CONTROL-0081,CORRECTED_APPLICATION,BEN-002856|BEN-004077,An earlier cancelled application is replaced by one approved claim; cancelled claim is unpaid.
CONTROL-0272,BENIGN_COLLECTION,BEN-005640|BEN-009024|BEN-006107|BEN-004339|BEN-008978|BEN-007181|BEN-007269|BEN-005036|BEN-008977|BEN-004525|BEN-001900|BEN-005630|BEN-002381|BEN-006124|BEN-006735|BEN-001689|BEN-004902|BEN-002504|BEN-004932|BEN-003747|BEN-007617|BEN-007843|BEN-008649|BEN-000711|BEN-007172|BEN-004650|BEN-006610|BEN-004952|BEN-006195|BEN-006510|BEN-004156|BEN-000588|BEN-001563|BEN-004701|BEN-007642|BEN-000656|BEN-001185|BEN-005860|BEN-000515|BEN-002505|BEN-001668|BEN-004492|BEN-007127|BEN-004095|BEN-007084|BEN-006979|BEN-000548|BEN-005525|BEN-000098|BEN-004006|BEN-006454|BEN-005882|BEN-006057|BEN-009301|BEN-002422|BEN-004278|BEN-000471|BEN-000605|BEN-009937|BEN-000511|BEN-007623|BEN-004569|BEN-009394|BEN-006358,Routine low-value synthetic service payments to ACC-016222; not an injected suspicious collector.
CONTROL-0231,REGISTRATION_CAMP,BEN-003105|BEN-008262|BEN-004537,Genuine campus enrollment camp produces a short registration burst.
CONTROL-0048,GUARDIAN_ACCOUNT,BEN-006915|BEN-005414,Two distinct students have recorded guardian payout authorization.
CONTROL-0209,FAMILY_CONTACT,BEN-004900|BEN-001531|BEN-001473,Distinct family members share their household contact and residence.
CONTROL-0111,GUARDIAN_ACCOUNT,BEN-008295|BEN-008600,Two distinct students have recorded guardian payout authorization.
CONTROL-0085,IDENTICAL_NAME,BEN-003896|BEN-001816,"Same full name, distinct birth dates, contacts and accounts."
CONTROL-0203,COMMON_SURNAME,BEN-007412|BEN-002929|BEN-001621,Distinct local students share a common surname and institution.
CONTROL-0291,BENIGN_COLLECTION,BEN-008880|BEN-002343|BEN-005399|BEN-003711|BEN-005864|BEN-005841|BEN-004116|BEN-005233|BEN-006612|BEN-002816|BEN-003398|BEN-001975|BEN-000497|BEN-004475|BEN-005859|BEN-009942|BEN-000574|BEN-002441|BEN-006042|BEN-008934|BEN-005360|BEN-007859|BEN-005520|BEN-003907|BEN-003492|BEN-007708|BEN-005818|BEN-005517|BEN-008878|BEN-001948|BEN-002939|BEN-006583|BEN-008562|BEN-002010|BEN-000210|BEN-009206|BEN-006800|BEN-006010|BEN-009552|BEN-008838|BEN-008239|BEN-009714|BEN-001777|BEN-003974|BEN-004466|BEN-006667|BEN-005739|BEN-000199|BEN-005579|BEN-005887|BEN-000352|BEN-006219|BEN-002583|BEN-000654|BEN-003750|BEN-006226|BEN-008123|BEN-002009|BEN-005994|BEN-003405|BEN-002196|BEN-000821|BEN-005268|BEN-004834|BEN-001385|BEN-000805|BEN-007211|BEN-006674|BEN-005172|BEN-002877|BEN-008869|BEN-002104,Routine low-value synthetic service payments to ACC-011399; not an injected suspicious collector.
CONTROL-0012,GUARDIAN_ACCOUNT,BEN-000069|BEN-007155,Two distinct students have recorded guardian payout authorization.
CONTROL-0237,GUARDIAN_ACCOUNT,BEN-007505|BEN-009461,Two distinct students have recorded guardian payout authorization.
CONTROL-0009,CORRECTED_APPLICATION,BEN-005264|BEN-003266,An earlier cancelled application is replaced by one approved claim; cancelled claim is unpaid.
CONTROL-0133,BENIGN_CYCLE,BEN-008296|BEN-008220|BEN-008108,A funded roommate expense advance is repaid through three accounts.
CONTROL-0284,BENIGN_COLLECTION,BEN-004079|BEN-007898|BEN-005295|BEN-008971|BEN-006611|BEN-008091|BEN-006755|BEN-000299|BEN-002863|BEN-005263|BEN-005636|BEN-006351|BEN-005421|BEN-000048|BEN-008276|BEN-008309|BEN-001728|BEN-000342|BEN-004263|BEN-001109|BEN-001698|BEN-000226|BEN-004498|BEN-003494|BEN-006115|BEN-009473|BEN-001866|BEN-007724|BEN-000533|BEN-001463|BEN-008112|BEN-007993|BEN-005255|BEN-003297|BEN-001815|BEN-002228|BEN-004763|BEN-007659|BEN-002682|BEN-005478|BEN-009384|BEN-003051|BEN-007151|BEN-007886|BEN-003987|BEN-002195|BEN-005315|BEN-009879|BEN-006640|BEN-007390|BEN-003596|BEN-007041|BEN-004780|BEN-002756|BEN-009034|BEN-004325|BEN-005264|BEN-006890|BEN-004547|BEN-000441|BEN-003355|BEN-002398|BEN-005006|BEN-001974|BEN-000228,Routine low-value synthetic service payments to ACC-024500; not an injected suspicious collector.
CONTROL-0300,BENIGN_COLLECTION,BEN-000554|BEN-002346|BEN-006299|BEN-006471|BEN-000411|BEN-004125|BEN-007072|BEN-008671|BEN-007763|BEN-008330|BEN-008777|BEN-009263|BEN-002443|BEN-001976|BEN-006399|BEN-000662|BEN-006741|BEN-002514|BEN-003144|BEN-004054|BEN-009719|BEN-007944|BEN-004012|BEN-008561|BEN-002208|BEN-004537|BEN-005390|BEN-008876|BEN-002833|BEN-005432|BEN-005148|BEN-005581|BEN-001880|BEN-008748|BEN-008920|BEN-005424|BEN-003189|BEN-001588|BEN-003259|BEN-000926|BEN-004889|BEN-008307|BEN-001255|BEN-003042|BEN-009416|BEN-004317|BEN-001593|BEN-009622|BEN-006451|BEN-007991|BEN-009865|BEN-009910|BEN-002467|BEN-008873|BEN-009763|BEN-007397|BEN-004795|BEN-005032|BEN-006866,Routine low-value synthetic service payments to ACC-001715; not an injected suspicious collector.
CONTROL-0020,FAMILY_CONTACT,BEN-009586|BEN-003090|BEN-008736,Distinct family members share their household contact and residence.
CONTROL-0274,BENIGN_COLLECTION,BEN-003815|BEN-007410|BEN-002445|BEN-001500|BEN-009142|BEN-008338|BEN-000818|BEN-006823|BEN-006362|BEN-008243|BEN-004017|BEN-005078|BEN-001735|BEN-008281|BEN-001955|BEN-001248|BEN-004962|BEN-000492|BEN-003827|BEN-001941|BEN-003343|BEN-007530|BEN-009134|BEN-005232|BEN-004113|BEN-009400|BEN-007034|BEN-005111|BEN-007658|BEN-007415|BEN-006020|BEN-002829|BEN-006617|BEN-005310|BEN-008257|BEN-001825|BEN-007481|BEN-005615|BEN-004500|BEN-000909|BEN-007667|BEN-007374|BEN-006062|BEN-009351|BEN-008674|BEN-003267|BEN-001905|BEN-001123|BEN-003696|BEN-002177|BEN-007919|BEN-005413|BEN-004742|BEN-000862|BEN-008775|BEN-006994|BEN-009283|BEN-003216|BEN-009561|BEN-009476|BEN-002632|BEN-004160|BEN-001473|BEN-002562|BEN-003807|BEN-006194|BEN-007048|BEN-009620|BEN-008659|BEN-009274|BEN-001670|BEN-001636|BEN-007924,Routine low-value synthetic service payments to ACC-005142; not an injected suspicious collector.
CONTROL-0044,COMPATIBLE_SCHEMES,BEN-008713|BEN-008689,Tuition and study-material support are permitted together in the same year.
CONTROL-0126,CORRECTED_APPLICATION,BEN-007698|BEN-001819,An earlier cancelled application is replaced by one approved claim; cancelled claim is unpaid.
CONTROL-0283,BENIGN_COLLECTION,BEN-001147|BEN-005062|BEN-002637|BEN-008903|BEN-006907|BEN-000580|BEN-001968|BEN-004413|BEN-000014|BEN-000606|BEN-009153|BEN-005591|BEN-003733|BEN-009175|BEN-002127|BEN-003277|BEN-006297|BEN-001982|BEN-008954|BEN-006339|BEN-007953|BEN-003031|BEN-008225|BEN-000074|BEN-002001|BEN-001277|BEN-001657|BEN-005682|BEN-000455|BEN-006327|BEN-002383|BEN-006270|BEN-007762|BEN-001029|BEN-009633|BEN-005254|BEN-004762|BEN-009585|BEN-009251|BEN-004748|BEN-002805|BEN-003851|BEN-009688|BEN-003187|BEN-009238|BEN-002247|BEN-005150|BEN-003321|BEN-009751|BEN-006184|BEN-005318|BEN-004850|BEN-002800|BEN-002211|BEN-009485|BEN-005350|BEN-005285|BEN-007851|BEN-008918|BEN-005587|BEN-001940|BEN-008999|BEN-004614|BEN-002037|BEN-006974|BEN-003607|BEN-007441,Routine low-value synthetic service payments to ACC-019567; not an injected suspicious collector.
CONTROL-0184,IDENTICAL_NAME,BEN-006542|BEN-009227,"Same full name, distinct birth dates, contacts and accounts."
CONTROL-0131,COMMON_SURNAME,BEN-007859|BEN-004946|BEN-004555,Distinct local students share a common surname and institution.
CONTROL-0294,BENIGN_COLLECTION,BEN-000952|BEN-007175|BEN-009844|BEN-003721|BEN-007273|BEN-001996|BEN-006069|BEN-003108|BEN-000769|BEN-008819|BEN-002055|BEN-000273|BEN-002194|BEN-002036|BEN-001323|BEN-007607|BEN-001374|BEN-009085|BEN-009537|BEN-001030|BEN-008340|BEN-008806|BEN-001494|BEN-000727|BEN-006843|BEN-005851|BEN-006255|BEN-009143|BEN-004195|BEN-001218|BEN-001582|BEN-008451|BEN-009335|BEN-001510|BEN-004321|BEN-009768|BEN-001869|BEN-000858|BEN-000538|BEN-006572|BEN-009720|BEN-004467|BEN-005011|BEN-002329|BEN-002206|BEN-008610|BEN-005168|BEN-003690|BEN-000699|BEN-002337|BEN-009094|BEN-004028|BEN-005025|BEN-001537|BEN-009765|BEN-009568|BEN-004692|BEN-009941|BEN-003581|BEN-000586|BEN-005947|BEN-001403,Routine low-value synthetic service payments to ACC-005501; not an injected suspicious collector.
CONTROL-0245,FAMILY_CONTACT,BEN-009639|BEN-009519|BEN-000886,Distinct family members share their household contact and residence.
CONTROL-0135,CORRECTED_APPLICATION,BEN-006809|BEN-004559,An earlier cancelled application is replaced by one approved claim; cancelled claim is unpaid.
CONTROL-0166,IDENTICAL_NAME,BEN-000752|BEN-003753,"Same full name, distinct birth dates, contacts and accounts."
CONTROL-0267,REGISTRATION_CAMP,BEN-008745|BEN-009024|BEN-000926,Genuine campus enrollment camp produces a short registration burst.
CONTROL-0227,FAMILY_CONTACT,BEN-008720|BEN-008148|BEN-003807,Distinct family members share their household contact and residence.
CONTROL-0095,COMMON_SURNAME,BEN-009394|BEN-006720|BEN-002941,Distinct local students share a common surname and institution.
CONTROL-0141,REGISTRATION_CAMP,BEN-002034|BEN-003902|BEN-003219,Genuine campus enrollment camp produces a short registration burst.
