bank_account_id,account_type,fictional_bank_name,account_role
ACC-000792,SAVINGS,Synthetic Sahyadri Bank 3,CUSTOMER
ACC-000838,SAVINGS,Synthetic Sahyadri Bank 6,CUSTOMER
ACC-000691,SAVINGS,Synthetic Sahyadri Bank 2,CUSTOMER
ACC-002080,SAVINGS,Synthetic Sahyadri Bank 5,CUSTOMER
ACC-002030,SAVINGS,Synthetic Sahyadri Bank 6,CUSTOMER
ACC-001739,SAVINGS,Synthetic Sahyadri Bank 5,CUSTOMER
ACC-000683,SAVINGS,Synthetic Sahyadri Bank 5,CUSTOMER
ACC-000315,SAVINGS,Synthetic Sahyadri Bank 1,CUSTOMER
ACC-001482,SAVINGS,Synthetic Sahyadri Bank 4,CUSTOMER
ACC-001970,SAVINGS,Synthetic Sahyadri Bank 2,CUSTOMER
ACC-001504,SAVINGS,Synthetic Sahyadri Bank 2,CUSTOMER
ACC-002120,SAVINGS,Synthetic Sahyadri Bank 6,CUSTOMER
ACC-000709,SAVINGS,Synthetic Sahyadri Bank 1,CUSTOMER
ACC-002355,SAVINGS,Synthetic Sahyadri Bank 4,CUSTOMER
ACC-001883,SAVINGS,Synthetic Sahyadri Bank 1,CUSTOMER
ACC-001527,SAVINGS,Synthetic Sahyadri Bank 2,CUSTOMER
ACC-002558,SAVINGS,Synthetic Sahyadri Bank 1,CUSTOMER
ACC-002255,SAVINGS,Synthetic Sahyadri Bank 1,CUSTOMER
ACC-002926,SAVINGS,Synthetic Sahyadri Bank 2,CUSTOMER
ACC-001185,SAVINGS,Synthetic Sahyadri Bank 5,CUSTOMER
ACC-000528,SAVINGS,Synthetic Sahyadri Bank 5,CUSTOMER
ACC-001067,SAVINGS,Synthetic Sahyadri Bank 5,CUSTOMER
ACC-002739,SAVINGS,Synthetic Sahyadri Bank 5,CUSTOMER
ACC-000308,SAVINGS,Synthetic Sahyadri Bank 4,CUSTOMER
ACC-001146,SAVINGS,Synthetic Sahyadri Bank 5,CUSTOMER
ACC-002184,SAVINGS,Synthetic Sahyadri Bank 3,CUSTOMER
ACC-001505,SAVINGS,Synthetic Sahyadri Bank 6,CUSTOMER
ACC-001984,SAVINGS,Synthetic Sahyadri Bank 5,CUSTOMER
ACC-002662,SAVINGS,Synthetic Sahyadri Bank 4,CUSTOMER
ACC-001683,SAVINGS,Synthetic Sahyadri Bank 4,CUSTOMER
ACC-001238,SAVINGS,Synthetic Sahyadri Bank 1,CUSTOMER
ACC-002792,SAVINGS,Synthetic Sahyadri Bank 2,CUSTOMER
ACC-002504,SAVINGS,Synthetic Sahyadri Bank 5,CUSTOMER
ACC-000324,SAVINGS,Synthetic Sahyadri Bank 4,CUSTOMER
ACC-000336,SAVINGS,Synthetic Sahyadri Bank 1,CUSTOMER
ACC-001963,SAVINGS,Synthetic Sahyadri Bank 5,CUSTOMER
ACC-000448,SAVINGS,Synthetic Sahyadri Bank 4,CUSTOMER
ACC-000304,SAVINGS,Synthetic Sahyadri Bank 2,CUSTOMER
ACC-000247,SAVINGS,Synthetic Sahyadri Bank 3,CUSTOMER
ACC-002128,SAVINGS,Synthetic Sahyadri Bank 4,CUSTOMER
ACC-001166,SAVINGS,Synthetic Sahyadri Bank 3,CUSTOMER
ACC-002650,SAVINGS,Synthetic Sahyadri Bank 4,CUSTOMER
ACC-000329,SAVINGS,Synthetic Sahyadri Bank 1,CUSTOMER
ACC-002287,SAVINGS,Synthetic Sahyadri Bank 2,CUSTOMER
ACC-002149,SAVINGS,Synthetic Sahyadri Bank 4,CUSTOMER
ACC-002037,SAVINGS,Synthetic Sahyadri Bank 6,CUSTOMER
ACC-000805,SAVINGS,Synthetic Sahyadri Bank 6,CUSTOMER
ACC-000576,SAVINGS,Synthetic Sahyadri Bank 2,CUSTOMER
ACC-001365,SAVINGS,Synthetic Sahyadri Bank 1,CUSTOMER
ACC-001634,SAVINGS,Synthetic Sahyadri Bank 3,CUSTOMER
ACC-000305,SAVINGS,Synthetic Sahyadri Bank 4,CUSTOMER
ACC-001862,SAVINGS,Synthetic Sahyadri Bank 3,CUSTOMER
ACC-001267,SAVINGS,Synthetic Sahyadri Bank 4,CUSTOMER
ACC-002179,SAVINGS,Synthetic Sahyadri Bank 2,CUSTOMER
ACC-000614,SAVINGS,Synthetic Sahyadri Bank 1,CUSTOMER
ACC-000783,SAVINGS,Synthetic Sahyadri Bank 3,CUSTOMER
ACC-000890,SAVINGS,Synthetic Sahyadri Bank 6,CUSTOMER
ACC-001043,SAVINGS,Synthetic Sahyadri Bank 1,CUSTOMER
ACC-001181,SAVINGS,Synthetic Sahyadri Bank 5,CUSTOMER
ACC-001704,SAVINGS,Synthetic Sahyadri Bank 2,CUSTOMER
ACC-000997,SAVINGS,Synthetic Sahyadri Bank 4,CUSTOMER
ACC-002856,SAVINGS,Synthetic Sahyadri Bank 1,CUSTOMER
ACC-000360,SAVINGS,Synthetic Sahyadri Bank 5,CUSTOMER
ACC-000952,SAVINGS,Synthetic Sahyadri Bank 2,CUSTOMER
ACC-001652,SAVINGS,Synthetic Sahyadri Bank 5,CUSTOMER
ACC-002974,SAVINGS,Synthetic Sahyadri Bank 4,CUSTOMER
ACC-000276,SAVINGS,Synthetic Sahyadri Bank 1,CUSTOMER
ACC-001837,SAVINGS,Synthetic Sahyadri Bank 2,CUSTOMER
ACC-000299,SAVINGS,Synthetic Sahyadri Bank 5,CUSTOMER
ACC-000518,SAVINGS,Synthetic Sahyadri Bank 1,CUSTOMER
ACC-001583,SAVINGS,Synthetic Sahyadri Bank 3,CUSTOMER
ACC-001373,SAVINGS,Synthetic Sahyadri Bank 6,CUSTOMER
ACC-002708,SAVINGS,Synthetic Sahyadri Bank 2,CUSTOMER
ACC-001893,SAVINGS,Synthetic Sahyadri Bank 1,CUSTOMER
ACC-002968,SAVINGS,Synthetic Sahyadri Bank 5,CUSTOMER
ACC-002256,SAVINGS,Synthetic Sahyadri Bank 5,CUSTOMER
ACC-000068,SAVINGS,Synthetic Sahyadri Bank 6,CUSTOMER
ACC-000653,SAVINGS,Synthetic Sahyadri Bank 6,CUSTOMER
ACC-000065,SAVINGS,Synthetic Sahyadri Bank 6,CUSTOMER
ACC-001632,SAVINGS,Synthetic Sahyadri Bank 6,CUSTOMER
ACC-000160,SAVINGS,Synthetic Sahyadri Bank 3,CUSTOMER
ACC-001667,SAVINGS,Synthetic Sahyadri Bank 1,CUSTOMER
ACC-000351,SAVINGS,Synthetic Sahyadri Bank 3,CUSTOMER
ACC-001299,SAVINGS,Synthetic Sahyadri Bank 6,CUSTOMER
ACC-001506,SAVINGS,Synthetic Sahyadri Bank 5,CUSTOMER
ACC-000258,SAVINGS,Synthetic Sahyadri Bank 6,CUSTOMER
ACC-001625,SAVINGS,Synthetic Sahyadri Bank 1,CUSTOMER
ACC-001085,SAVINGS,Synthetic Sahyadri Bank 2,CUSTOMER
ACC-001534,SAVINGS,Synthetic Sahyadri Bank 3,CUSTOMER
ACC-001172,SAVINGS,Synthetic Sahyadri Bank 6,CUSTOMER
ACC-000259,SAVINGS,Synthetic Sahyadri Bank 5,CUSTOMER
ACC-000460,SAVINGS,Synthetic Sahyadri Bank 4,CUSTOMER
ACC-000451,SAVINGS,Synthetic Sahyadri Bank 3,CUSTOMER
ACC-001223,SAVINGS,Synthetic Sahyadri Bank 1,CUSTOMER
ACC-000574,SAVINGS,Synthetic Sahyadri Bank 6,CUSTOMER
ACC-000708,SAVINGS,Synthetic Sahyadri Bank 5,CUSTOMER
ACC-002526,SAVINGS,Synthetic Sahyadri Bank 6,CUSTOMER
ACC-000877,SAVINGS,Synthetic Sahyadri Bank 5,CUSTOMER
ACC-002855,SAVINGS,Synthetic Sahyadri Bank 1,CUSTOMER
ACC-000510,SAVINGS,Synthetic Sahyadri Bank 4,CUSTOMER
ACC-000771,SAVINGS,Synthetic Sahyadri Bank 5,CUSTOMER
ACC-001463,SAVINGS,Synthetic Sahyadri Bank 6,CUSTOMER
ACC-001617,SAVINGS,Synthetic Sahyadri Bank 6,CUSTOMER
ACC-002575,SAVINGS,Synthetic Sahyadri Bank 2,CUSTOMER
ACC-002813,SAVINGS,Synthetic Sahyadri Bank 5,CUSTOMER
ACC-001897,SAVINGS,Synthetic Sahyadri Bank 2,CUSTOMER
ACC-002530,SAVINGS,Synthetic Sahyadri Bank 5,CUSTOMER
ACC-001801,SAVINGS,Synthetic Sahyadri Bank 2,CUSTOMER
ACC-001544,SAVINGS,Synthetic Sahyadri Bank 5,CUSTOMER
ACC-001678,SAVINGS,Synthetic Sahyadri Bank 6,CUSTOMER
ACC-000924,SAVINGS,Synthetic Sahyadri Bank 4,CUSTOMER
ACC-000133,SAVINGS,Synthetic Sahyadri Bank 1,CUSTOMER
ACC-000356,SAVINGS,Synthetic Sahyadri Bank 3,CUSTOMER
ACC-001868,SAVINGS,Synthetic Sahyadri Bank 2,CUSTOMER
ACC-002059,SAVINGS,Synthetic Sahyadri Bank 3,CUSTOMER
ACC-000981,SAVINGS,Synthetic Sahyadri Bank 6,CUSTOMER
ACC-000395,SAVINGS,Synthetic Sahyadri Bank 1,CUSTOMER
ACC-000541,SAVINGS,Synthetic Sahyadri Bank 1,CUSTOMER
ACC-001381,SAVINGS,Synthetic Sahyadri Bank 2,CUSTOMER
ACC-002199,SAVINGS,Synthetic Sahyadri Bank 5,CUSTOMER
ACC-002867,SAVINGS,Synthetic Sahyadri Bank 6,CUSTOMER
ACC-002226,SAVINGS,Synthetic Sahyadri Bank 5,CUSTOMER
ACC-000130,SAVINGS,Synthetic Sahyadri Bank 4,CUSTOMER
ACC-002553,SAVINGS,Synthetic Sahyadri Bank 3,CUSTOMER
ACC-002692,SAVINGS,Synthetic Sahyadri Bank 6,CUSTOMER
ACC-001286,SAVINGS,Synthetic Sahyadri Bank 6,CUSTOMER
ACC-002626,SAVINGS,Synthetic Sahyadri Bank 1,CUSTOMER
ACC-002643,SAVINGS,Synthetic Sahyadri Bank 1,CUSTOMER
ACC-001935,SAVINGS,Synthetic Sahyadri Bank 6,CUSTOMER
ACC-002997,SAVINGS,Synthetic Sahyadri Bank 1,CUSTOMER
ACC-002686,SAVINGS,Synthetic Sahyadri Bank 2,CUSTOMER
ACC-000465,SAVINGS,Synthetic Sahyadri Bank 1,CUSTOMER
ACC-001703,SAVINGS,Synthetic Sahyadri Bank 3,CUSTOMER
ACC-001843,SAVINGS,Synthetic Sahyadri Bank 6,CUSTOMER
ACC-002167,SAVINGS,Synthetic Sahyadri Bank 4,CUSTOMER
ACC-002145,SAVINGS,Synthetic Sahyadri Bank 6,CUSTOMER
ACC-000833,SAVINGS,Synthetic Sahyadri Bank 4,CUSTOMER
ACC-001639,SAVINGS,Synthetic Sahyadri Bank 3,CUSTOMER
ACC-002012,SAVINGS,Synthetic Sahyadri Bank 1,CUSTOMER
ACC-001257,SAVINGS,Synthetic Sahyadri Bank 3,CUSTOMER
ACC-000255,SAVINGS,Synthetic Sahyadri Bank 2,CUSTOMER
ACC-000243,SAVINGS,Synthetic Sahyadri Bank 3,CUSTOMER
ACC-000987,SAVINGS,Synthetic Sahyadri Bank 2,CUSTOMER
ACC-000084,SAVINGS,Synthetic Sahyadri Bank 5,CUSTOMER
ACC-001896,SAVINGS,Synthetic Sahyadri Bank 6,CUSTOMER
ACC-001069,SAVINGS,Synthetic Sahyadri Bank 3,CUSTOMER
ACC-001473,SAVINGS,Synthetic Sahyadri Bank 1,CUSTOMER
ACC-001055,SAVINGS,Synthetic Sahyadri Bank 2,CUSTOMER
ACC-001452,SAVINGS,Synthetic Sahyadri Bank 2,CUSTOMER
ACC-001125,SAVINGS,Synthetic Sahyadri Bank 3,CUSTOMER
ACC-002235,SAVINGS,Synthetic Sahyadri Bank 5,CUSTOMER
ACC-001429,SAVINGS,Synthetic Sahyadri Bank 5,CUSTOMER
ACC-002066,SAVINGS,Synthetic Sahyadri Bank 5,CUSTOMER
ACC-002207,SAVINGS,Synthetic Sahyadri Bank 6,CUSTOMER
ACC-002176,SAVINGS,Synthetic Sahyadri Bank 4,CUSTOMER
ACC-002632,SAVINGS,Synthetic Sahyadri Bank 6,CUSTOMER
ACC-002564,SAVINGS,Synthetic Sahyadri Bank 1,CUSTOMER
ACC-001966,SAVINGS,Synthetic Sahyadri Bank 1,CUSTOMER
ACC-001574,SAVINGS,Synthetic Sahyadri Bank 5,CUSTOMER
ACC-002024,SAVINGS,Synthetic Sahyadri Bank 6,CUSTOMER
ACC-001425,SAVINGS,Synthetic Sahyadri Bank 5,CUSTOMER
ACC-000797,SAVINGS,Synthetic Sahyadri Bank 4,CUSTOMER
ACC-001472,SAVINGS,Synthetic Sahyadri Bank 5,CUSTOMER
ACC-001591,SAVINGS,Synthetic Sahyadri Bank 1,CUSTOMER
ACC-002192,SAVINGS,Synthetic Sahyadri Bank 5,CUSTOMER
ACC-000071,SAVINGS,Synthetic Sahyadri Bank 4,CUSTOMER
ACC-000193,SAVINGS,Synthetic Sahyadri Bank 1,CUSTOMER
ACC-000188,SAVINGS,Synthetic Sahyadri Bank 2,CUSTOMER
ACC-001118,SAVINGS,Synthetic Sahyadri Bank 6,CUSTOMER
ACC-000646,SAVINGS,Synthetic Sahyadri Bank 3,CUSTOMER
ACC-001326,SAVINGS,Synthetic Sahyadri Bank 2,CUSTOMER
ACC-002668,SAVINGS,Synthetic Sahyadri Bank 2,CUSTOMER
ACC-002338,SAVINGS,Synthetic Sahyadri Bank 2,CUSTOMER
ACC-001980,SAVINGS,Synthetic Sahyadri Bank 2,CUSTOMER
ACC-001691,SAVINGS,Synthetic Sahyadri Bank 3,CUSTOMER
ACC-000039,SAVINGS,Synthetic Sahyadri Bank 1,CUSTOMER
ACC-002602,SAVINGS,Synthetic Sahyadri Bank 1,CUSTOMER
ACC-002382,SAVINGS,Synthetic Sahyadri Bank 3,CUSTOMER
ACC-002242,SAVINGS,Synthetic Sahyadri Bank 4,CUSTOMER
ACC-000411,SAVINGS,Synthetic Sahyadri Bank 4,CUSTOMER
ACC-002750,SAVINGS,Synthetic Sahyadri Bank 3,CUSTOMER
ACC-001348,SAVINGS,Synthetic Sahyadri Bank 4,CUSTOMER
ACC-000156,SAVINGS,Synthetic Sahyadri Bank 6,CUSTOMER
ACC-000199,SAVINGS,Synthetic Sahyadri Bank 5,CUSTOMER
ACC-002431,SAVINGS,Synthetic Sahyadri Bank 3,CUSTOMER
ACC-001073,SAVINGS,Synthetic Sahyadri Bank 1,CUSTOMER
ACC-002743,SAVINGS,Synthetic Sahyadri Bank 5,CUSTOMER
ACC-001478,SAVINGS,Synthetic Sahyadri Bank 3,CUSTOMER
ACC-001481,SAVINGS,Synthetic Sahyadri Bank 4,CUSTOMER
ACC-001778,SAVINGS,Synthetic Sahyadri Bank 6,CUSTOMER
ACC-002975,SAVINGS,Synthetic Sahyadri Bank 1,CUSTOMER
ACC-001314,SAVINGS,Synthetic Sahyadri Bank 6,CUSTOMER
ACC-002091,SAVINGS,Synthetic Sahyadri Bank 5,CUSTOMER
ACC-002309,SAVINGS,Synthetic Sahyadri Bank 5,CUSTOMER
ACC-001810,SAVINGS,Synthetic Sahyadri Bank 4,CUSTOMER
ACC-000154,SAVINGS,Synthetic Sahyadri Bank 6,CUSTOMER
ACC-000440,SAVINGS,Synthetic Sahyadri Bank 4,CUSTOMER
ACC-000435,SAVINGS,Synthetic Sahyadri Bank 6,CUSTOMER
ACC-002783,SAVINGS,Synthetic Sahyadri Bank 2,CUSTOMER
ACC-002196,SAVINGS,Synthetic Sahyadri Bank 6,CUSTOMER
ACC-001246,SAVINGS,Synthetic Sahyadri Bank 3,CUSTOMER
ACC-000108,SAVINGS,Synthetic Sahyadri Bank 1,CUSTOMER
ACC-001351,SAVINGS,Synthetic Sahyadri Bank 1,CUSTOMER
ACC-001038,SAVINGS,Synthetic Sahyadri Bank 4,CUSTOMER
ACC-002923,SAVINGS,Synthetic Sahyadri Bank 3,CUSTOMER
ACC-001306,SAVINGS,Synthetic Sahyadri Bank 2,CUSTOMER
ACC-002209,SAVINGS,Synthetic Sahyadri Bank 5,CUSTOMER
ACC-002517,SAVINGS,Synthetic Sahyadri Bank 6,CUSTOMER
ACC-001362,SAVINGS,Synthetic Sahyadri Bank 3,CUSTOMER
ACC-000367,SAVINGS,Synthetic Sahyadri Bank 5,CUSTOMER
ACC-001610,SAVINGS,Synthetic Sahyadri Bank 6,CUSTOMER
ACC-002628,SAVINGS,Synthetic Sahyadri Bank 2,CUSTOMER
ACC-002519,SAVINGS,Synthetic Sahyadri Bank 5,CUSTOMER
ACC-002585,SAVINGS,Synthetic Sahyadri Bank 5,CUSTOMER
ACC-002937,SAVINGS,Synthetic Sahyadri Bank 2,CUSTOMER
ACC-002035,SAVINGS,Synthetic Sahyadri Bank 2,CUSTOMER
ACC-000925,SAVINGS,Synthetic Sahyadri Bank 3,CUSTOMER
ACC-000532,SAVINGS,Synthetic Sahyadri Bank 2,CUSTOMER
ACC-002875,SAVINGS,Synthetic Sahyadri Bank 2,CUSTOMER
ACC-000067,SAVINGS,Synthetic Sahyadri Bank 5,CUSTOMER
ACC-001692,SAVINGS,Synthetic Sahyadri Bank 6,CUSTOMER
ACC-000675,SAVINGS,Synthetic Sahyadri Bank 2,CUSTOMER
ACC-002682,SAVINGS,Synthetic Sahyadri Bank 4,CUSTOMER
ACC-000262,SAVINGS,Synthetic Sahyadri Bank 4,CUSTOMER
ACC-002760,SAVINGS,Synthetic Sahyadri Bank 6,CUSTOMER
ACC-000826,SAVINGS,Synthetic Sahyadri Bank 4,CUSTOMER
ACC-001440,SAVINGS,Synthetic Sahyadri Bank 6,CUSTOMER
ACC-000368,SAVINGS,Synthetic Sahyadri Bank 5,CUSTOMER
ACC-002944,SAVINGS,Synthetic Sahyadri Bank 2,CUSTOMER
ACC-001242,SAVINGS,Synthetic Sahyadri Bank 3,CUSTOMER
ACC-000864,SAVINGS,Synthetic Sahyadri Bank 5,CUSTOMER
ACC-001184,SAVINGS,Synthetic Sahyadri Bank 2,CUSTOMER
ACC-000250,SAVINGS,Synthetic Sahyadri Bank 3,CUSTOMER
ACC-002698,SAVINGS,Synthetic Sahyadri Bank 4,CUSTOMER
ACC-002994,SAVINGS,Synthetic Sahyadri Bank 2,CUSTOMER
ACC-002485,SAVINGS,Synthetic Sahyadri Bank 6,CUSTOMER
ACC-001164,SAVINGS,Synthetic Sahyadri Bank 4,CUSTOMER
ACC-000296,SAVINGS,Synthetic Sahyadri Bank 2,CUSTOMER
ACC-000090,SAVINGS,Synthetic Sahyadri Bank 6,CUSTOMER
ACC-001518,SAVINGS,Synthetic Sahyadri Bank 4,CUSTOMER
ACC-003000,SAVINGS,Synthetic Sahyadri Bank 2,CUSTOMER
ACC-002041,SAVINGS,Synthetic Sahyadri Bank 1,CUSTOMER
ACC-001155,SAVINGS,Synthetic Sahyadri Bank 6,CUSTOMER
ACC-002359,SAVINGS,Synthetic Sahyadri Bank 3,CUSTOMER
ACC-001872,SAVINGS,Synthetic Sahyadri Bank 5,CUSTOMER
ACC-002671,SAVINGS,Synthetic Sahyadri Bank 6,CUSTOMER
ACC-001026,SAVINGS,Synthetic Sahyadri Bank 1,CUSTOMER
ACC-000152,SAVINGS,Synthetic Sahyadri Bank 4,CUSTOMER
ACC-002549,SAVINGS,Synthetic Sahyadri Bank 1,CUSTOMER
ACC-002883,SAVINGS,Synthetic Sahyadri Bank 1,CUSTOMER
ACC-000621,SAVINGS,Synthetic Sahyadri Bank 2,CUSTOMER
ACC-001170,SAVINGS,Synthetic Sahyadri Bank 1,CUSTOMER
ACC-001968,SAVINGS,Synthetic Sahyadri Bank 5,CUSTOMER
ACC-001264,SAVINGS,Synthetic Sahyadri Bank 3,CUSTOMER
ACC-001949,SAVINGS,Synthetic Sahyadri Bank 3,CUSTOMER
ACC-000993,SAVINGS,Synthetic Sahyadri Bank 2,CUSTOMER
ACC-000699,SAVINGS,Synthetic Sahyadri Bank 5,CUSTOMER
ACC-001389,SAVINGS,Synthetic Sahyadri Bank 5,CUSTOMER
ACC-000680,SAVINGS,Synthetic Sahyadri Bank 3,CUSTOMER
ACC-000414,SAVINGS,Synthetic Sahyadri Bank 2,CUSTOMER
ACC-001999,SAVINGS,Synthetic Sahyadri Bank 1,CUSTOMER
ACC-001929,SAVINGS,Synthetic Sahyadri Bank 2,CUSTOMER
ACC-001934,SAVINGS,Synthetic Sahyadri Bank 2,CUSTOMER
ACC-002048,SAVINGS,Synthetic Sahyadri Bank 1,CUSTOMER
ACC-002447,SAVINGS,Synthetic Sahyadri Bank 1,CUSTOMER
ACC-000038,SAVINGS,Synthetic Sahyadri Bank 6,CUSTOMER
ACC-002842,SAVINGS,Synthetic Sahyadri Bank 1,CUSTOMER
ACC-000425,SAVINGS,Synthetic Sahyadri Bank 5,CUSTOMER
ACC-002327,SAVINGS,Synthetic Sahyadri Bank 5,CUSTOMER
ACC-000656,SAVINGS,Synthetic Sahyadri Bank 5,CUSTOMER
ACC-001562,SAVINGS,Synthetic Sahyadri Bank 5,CUSTOMER
ACC-000522,SAVINGS,Synthetic Sahyadri Bank 3,CUSTOMER
ACC-002056,SAVINGS,Synthetic Sahyadri Bank 2,CUSTOMER
ACC-002356,SAVINGS,Synthetic Sahyadri Bank 5,CUSTOMER
ACC-002922,SAVINGS,Synthetic Sahyadri Bank 3,CUSTOMER
ACC-000788,SAVINGS,Synthetic Sahyadri Bank 3,CUSTOMER
ACC-001720,SAVINGS,Synthetic Sahyadri Bank 6,CUSTOMER
ACC-002589,SAVINGS,Synthetic Sahyadri Bank 2,CUSTOMER
ACC-001220,SAVINGS,Synthetic Sahyadri Bank 4,CUSTOMER
ACC-002716,SAVINGS,Synthetic Sahyadri Bank 3,CUSTOMER
ACC-001782,SAVINGS,Synthetic Sahyadri Bank 1,CUSTOMER
ACC-001484,SAVINGS,Synthetic Sahyadri Bank 1,CUSTOMER
ACC-001642,SAVINGS,Synthetic Sahyadri Bank 4,CUSTOMER
ACC-001209,SAVINGS,Synthetic Sahyadri Bank 2,CUSTOMER
ACC-000498,SAVINGS,Synthetic Sahyadri Bank 1,CUSTOMER
ACC-001940,SAVINGS,Synthetic Sahyadri Bank 4,CUSTOMER
ACC-002457,SAVINGS,Synthetic Sahyadri Bank 2,CUSTOMER
ACC-002362,SAVINGS,Synthetic Sahyadri Bank 4,CUSTOMER
ACC-000690,SAVINGS,Synthetic Sahyadri Bank 4,CUSTOMER
ACC-001520,SAVINGS,Synthetic Sahyadri Bank 3,CUSTOMER
ACC-001996,SAVINGS,Synthetic Sahyadri Bank 5,CUSTOMER
ACC-001194,SAVINGS,Synthetic Sahyadri Bank 2,CUSTOMER
ACC-001693,SAVINGS,Synthetic Sahyadri Bank 2,CUSTOMER
ACC-002599,SAVINGS,Synthetic Sahyadri Bank 6,CUSTOMER
ACC-002921,SAVINGS,Synthetic Sahyadri Bank 5,CUSTOMER
ACC-001675,SAVINGS,Synthetic Sahyadri Bank 5,CUSTOMER
ACC-000575,SAVINGS,Synthetic Sahyadri Bank 1,CUSTOMER
ACC-000230,SAVINGS,Synthetic Sahyadri Bank 1,CUSTOMER
ACC-002111,SAVINGS,Synthetic Sahyadri Bank 1,CUSTOMER
ACC-000555,SAVINGS,Synthetic Sahyadri Bank 3,CUSTOMER
ACC-002060,SAVINGS,Synthetic Sahyadri Bank 1,CUSTOMER
ACC-000513,SAVINGS,Synthetic Sahyadri Bank 6,CUSTOMER
ACC-001742,SAVINGS,Synthetic Sahyadri Bank 1,CUSTOMER
ACC-000824,SAVINGS,Synthetic Sahyadri Bank 6,CUSTOMER
ACC-002962,SAVINGS,Synthetic Sahyadri Bank 5,CUSTOMER
ACC-002238,SAVINGS,Synthetic Sahyadri Bank 5,CUSTOMER
ACC-002596,SAVINGS,Synthetic Sahyadri Bank 5,CUSTOMER
ACC-000022,SAVINGS,Synthetic Sahyadri Bank 4,CUSTOMER
ACC-000895,SAVINGS,Synthetic Sahyadri Bank 6,CUSTOMER
ACC-001183,SAVINGS,Synthetic Sahyadri Bank 3,CUSTOMER
ACC-002432,SAVINGS,Synthetic Sahyadri Bank 4,CUSTOMER
ACC-002722,SAVINGS,Synthetic Sahyadri Bank 1,CUSTOMER
ACC-000328,SAVINGS,Synthetic Sahyadri Bank 5,CUSTOMER
ACC-001515,SAVINGS,Synthetic Sahyadri Bank 5,CUSTOMER
ACC-001790,SAVINGS,Synthetic Sahyadri Bank 5,CUSTOMER
ACC-002535,SAVINGS,Synthetic Sahyadri Bank 1,CUSTOMER
ACC-001852,SAVINGS,Synthetic Sahyadri Bank 4,CUSTOMER
ACC-002826,SAVINGS,Synthetic Sahyadri Bank 4,CUSTOMER
ACC-002764,SAVINGS,Synthetic Sahyadri Bank 3,CUSTOMER
ACC-000971,SAVINGS,Synthetic Sahyadri Bank 3,CUSTOMER
ACC-001542,SAVINGS,Synthetic Sahyadri Bank 2,CUSTOMER
ACC-000746,SAVINGS,Synthetic Sahyadri Bank 2,CUSTOMER
ACC-002442,SAVINGS,Synthetic Sahyadri Bank 4,CUSTOMER
ACC-001187,SAVINGS,Synthetic Sahyadri Bank 6,CUSTOMER
ACC-001360,SAVINGS,Synthetic Sahyadri Bank 5,CUSTOMER
ACC-002058,SAVINGS,Synthetic Sahyadri Bank 3,CUSTOMER
ACC-000529,SAVINGS,Synthetic Sahyadri Bank 1,CUSTOMER
ACC-000629,SAVINGS,Synthetic Sahyadri Bank 3,CUSTOMER
ACC-000266,SAVINGS,Synthetic Sahyadri Bank 2,CUSTOMER
ACC-000941,SAVINGS,Synthetic Sahyadri Bank 3,CUSTOMER
ACC-001014,SAVINGS,Synthetic Sahyadri Bank 5,CUSTOMER
ACC-001415,SAVINGS,Synthetic Sahyadri Bank 3,CUSTOMER
ACC-001529,SAVINGS,Synthetic Sahyadri Bank 4,CUSTOMER
ACC-000817,SAVINGS,Synthetic Sahyadri Bank 5,CUSTOMER
ACC-002799,SAVINGS,Synthetic Sahyadri Bank 5,CUSTOMER
ACC-002704,SAVINGS,Synthetic Sahyadri Bank 5,CUSTOMER
ACC-000549,SAVINGS,Synthetic Sahyadri Bank 5,CUSTOMER
ACC-000027,SAVINGS,Synthetic Sahyadri Bank 5,CUSTOMER
ACC-000919,SAVINGS,Synthetic Sahyadri Bank 2,CUSTOMER
ACC-002121,SAVINGS,Synthetic Sahyadri Bank 5,CUSTOMER
ACC-000906,SAVINGS,Synthetic Sahyadri Bank 4,CUSTOMER
ACC-002657,SAVINGS,Synthetic Sahyadri Bank 6,CUSTOMER
ACC-000645,SAVINGS,Synthetic Sahyadri Bank 5,CUSTOMER
ACC-002949,SAVINGS,Synthetic Sahyadri Bank 4,CUSTOMER
ACC-001807,SAVINGS,Synthetic Sahyadri Bank 3,CUSTOMER
ACC-002298,SAVINGS,Synthetic Sahyadri Bank 3,CUSTOMER
ACC-002366,SAVINGS,Synthetic Sahyadri Bank 3,CUSTOMER
ACC-001282,SAVINGS,Synthetic Sahyadri Bank 5,CUSTOMER
ACC-001508,SAVINGS,Synthetic Sahyadri Bank 6,CUSTOMER
ACC-001228,SAVINGS,Synthetic Sahyadri Bank 6,CUSTOMER
ACC-001648,SAVINGS,Synthetic Sahyadri Bank 6,CUSTOMER
ACC-000149,SAVINGS,Synthetic Sahyadri Bank 4,CUSTOMER
ACC-000379,SAVINGS,Synthetic Sahyadri Bank 3,CUSTOMER
ACC-000970,SAVINGS,Synthetic Sahyadri Bank 2,CUSTOMER
ACC-002720,SAVINGS,Synthetic Sahyadri Bank 6,CUSTOMER
ACC-002148,SAVINGS,Synthetic Sahyadri Bank 1,CUSTOMER
ACC-000569,SAVINGS,Synthetic Sahyadri Bank 2,CUSTOMER
ACC-000787,SAVINGS,Synthetic Sahyadri Bank 3,CUSTOMER
ACC-000404,SAVINGS,Synthetic Sahyadri Bank 5,CUSTOMER
ACC-000884,SAVINGS,Synthetic Sahyadri Bank 4,CUSTOMER
ACC-001673,SAVINGS,Synthetic Sahyadri Bank 5,CUSTOMER
ACC-000986,SAVINGS,Synthetic Sahyadri Bank 6,CUSTOMER
ACC-000179,SAVINGS,Synthetic Sahyadri Bank 3,CUSTOMER
ACC-001108,SAVINGS,Synthetic Sahyadri Bank 3,CUSTOMER
ACC-000632,SAVINGS,Synthetic Sahyadri Bank 4,CUSTOMER
ACC-002835,SAVINGS,Synthetic Sahyadri Bank 5,CUSTOMER
ACC-002525,SAVINGS,Synthetic Sahyadri Bank 4,CUSTOMER
ACC-000536,SAVINGS,Synthetic Sahyadri Bank 1,CUSTOMER
ACC-000339,SAVINGS,Synthetic Sahyadri Bank 6,CUSTOMER
ACC-002775,SAVINGS,Synthetic Sahyadri Bank 1,CUSTOMER
ACC-001560,SAVINGS,Synthetic Sahyadri Bank 1,CUSTOMER
ACC-000757,SAVINGS,Synthetic Sahyadri Bank 2,CUSTOMER
GOV-DBT-001,TREASURY,Synthetic Sahyadri Bank 4,GOVERNMENT
ACC-000718,SAVINGS,Synthetic Sahyadri Bank 4,CUSTOMER
ACC-001750,SAVINGS,Synthetic Sahyadri Bank 5,CUSTOMER
ACC-002445,SAVINGS,Synthetic Sahyadri Bank 3,CUSTOMER
ACC-002561,SAVINGS,Synthetic Sahyadri Bank 1,CUSTOMER
ACC-001718,SAVINGS,Synthetic Sahyadri Bank 3,CUSTOMER
ACC-002848,SAVINGS,Synthetic Sahyadri Bank 2,CUSTOMER
ACC-001161,SAVINGS,Synthetic Sahyadri Bank 6,CUSTOMER
ACC-001694,SAVINGS,Synthetic Sahyadri Bank 1,CUSTOMER
ACC-002370,SAVINGS,Synthetic Sahyadri Bank 3,CUSTOMER
ACC-001764,SAVINGS,Synthetic Sahyadri Bank 2,CUSTOMER
ACC-000782,SAVINGS,Synthetic Sahyadri Bank 5,CUSTOMER
ACC-002405,SAVINGS,Synthetic Sahyadri Bank 2,CUSTOMER
ACC-001681,SAVINGS,Synthetic Sahyadri Bank 3,CUSTOMER
ACC-001530,SAVINGS,Synthetic Sahyadri Bank 1,CUSTOMER
ACC-000828,SAVINGS,Synthetic Sahyadri Bank 4,CUSTOMER
ACC-002414,SAVINGS,Synthetic Sahyadri Bank 1,CUSTOMER
ACC-000977,SAVINGS,Synthetic Sahyadri Bank 4,CUSTOMER
ACC-002154,SAVINGS,Synthetic Sahyadri Bank 3,CUSTOMER
ACC-002110,SAVINGS,Synthetic Sahyadri Bank 6,CUSTOMER
ACC-000896,SAVINGS,Synthetic Sahyadri Bank 6,CUSTOMER
ACC-000212,SAVINGS,Synthetic Sahyadri Bank 2,CUSTOMER
ACC-002612,SAVINGS,Synthetic Sahyadri Bank 2,CUSTOMER
ACC-000320,SAVINGS,Synthetic Sahyadri Bank 3,CUSTOMER
ACC-000476,SAVINGS,Synthetic Sahyadri Bank 4,CUSTOMER
ACC-002248,SAVINGS,Synthetic Sahyadri Bank 1,CUSTOMER
ACC-000820,SAVINGS,Synthetic Sahyadri Bank 3,CUSTOMER
ACC-000781,SAVINGS,Synthetic Sahyadri Bank 2,CUSTOMER
ACC-001880,SAVINGS,Synthetic Sahyadri Bank 3,CUSTOMER
ACC-002630,SAVINGS,Synthetic Sahyadri Bank 3,CUSTOMER
ACC-002834,SAVINGS,Synthetic Sahyadri Bank 1,CUSTOMER
ACC-001586,SAVINGS,Synthetic Sahyadri Bank 5,CUSTOMER
ACC-000487,SAVINGS,Synthetic Sahyadri Bank 2,CUSTOMER
ACC-002147,SAVINGS,Synthetic Sahyadri Bank 4,CUSTOMER
ACC-001558,SAVINGS,Synthetic Sahyadri Bank 2,CUSTOMER
ACC-001096,SAVINGS,Synthetic Sahyadri Bank 2,CUSTOMER
ACC-002132,SAVINGS,Synthetic Sahyadri Bank 6,CUSTOMER
ACC-000922,SAVINGS,Synthetic Sahyadri Bank 4,CUSTOMER
ACC-001584,SAVINGS,Synthetic Sahyadri Bank 3,CUSTOMER
ACC-002849,SAVINGS,Synthetic Sahyadri Bank 2,CUSTOMER
ACC-001738,SAVINGS,Synthetic Sahyadri Bank 4,CUSTOMER
ACC-001418,SAVINGS,Synthetic Sahyadri Bank 3,CUSTOMER
ACC-002260,SAVINGS,Synthetic Sahyadri Bank 5,CUSTOMER
ACC-002346,SAVINGS,Synthetic Sahyadri Bank 3,CUSTOMER
ACC-000619,SAVINGS,Synthetic Sahyadri Bank 6,CUSTOMER
ACC-001928,SAVINGS,Synthetic Sahyadri Bank 6,CUSTOMER
ACC-002498,SAVINGS,Synthetic Sahyadri Bank 6,CUSTOMER
ACC-001979,SAVINGS,Synthetic Sahyadri Bank 1,CUSTOMER
ACC-000483,SAVINGS,Synthetic Sahyadri Bank 5,CUSTOMER
ACC-002071,SAVINGS,Synthetic Sahyadri Bank 5,CUSTOMER
ACC-001881,SAVINGS,Synthetic Sahyadri Bank 3,CUSTOMER
ACC-000125,SAVINGS,Synthetic Sahyadri Bank 4,CUSTOMER
ACC-002153,SAVINGS,Synthetic Sahyadri Bank 2,CUSTOMER
ACC-001175,SAVINGS,Synthetic Sahyadri Bank 5,CUSTOMER
ACC-001641,SAVINGS,Synthetic Sahyadri Bank 2,CUSTOMER
ACC-002669,SAVINGS,Synthetic Sahyadri Bank 1,CUSTOMER
ACC-002202,SAVINGS,Synthetic Sahyadri Bank 1,CUSTOMER
ACC-000564,SAVINGS,Synthetic Sahyadri Bank 6,CUSTOMER
ACC-001281,SAVINGS,Synthetic Sahyadri Bank 4,CUSTOMER
ACC-002169,SAVINGS,Synthetic Sahyadri Bank 3,CUSTOMER
ACC-001712,SAVINGS,Synthetic Sahyadri Bank 2,CUSTOMER
ACC-001547,SAVINGS,Synthetic Sahyadri Bank 6,CUSTOMER
ACC-000907,SAVINGS,Synthetic Sahyadri Bank 6,CUSTOMER
ACC-000383,SAVINGS,Synthetic Sahyadri Bank 3,CUSTOMER
ACC-001204,SAVINGS,Synthetic Sahyadri Bank 4,CUSTOMER
ACC-000698,SAVINGS,Synthetic Sahyadri Bank 1,CUSTOMER
ACC-002738,SAVINGS,Synthetic Sahyadri Bank 4,CUSTOMER
ACC-000153,SAVINGS,Synthetic Sahyadri Bank 3,CUSTOMER
ACC-001696,SAVINGS,Synthetic Sahyadri Bank 1,CUSTOMER
ACC-002903,SAVINGS,Synthetic Sahyadri Bank 6,CUSTOMER
ACC-002691,SAVINGS,Synthetic Sahyadri Bank 1,CUSTOMER
ACC-000592,SAVINGS,Synthetic Sahyadri Bank 2,CUSTOMER
ACC-001711,SAVINGS,Synthetic Sahyadri Bank 2,CUSTOMER
ACC-001752,SAVINGS,Synthetic Sahyadri Bank 2,CUSTOMER
ACC-002533,SAVINGS,Synthetic Sahyadri Bank 3,CUSTOMER
ACC-001706,SAVINGS,Synthetic Sahyadri Bank 4,CUSTOMER
ACC-001798,SAVINGS,Synthetic Sahyadri Bank 4,CUSTOMER
ACC-002512,SAVINGS,Synthetic Sahyadri Bank 6,CUSTOMER
ACC-001485,SAVINGS,Synthetic Sahyadri Bank 5,CUSTOMER
ACC-000110,SAVINGS,Synthetic Sahyadri Bank 4,CUSTOMER
ACC-001342,SAVINGS,Synthetic Sahyadri Bank 2,CUSTOMER
ACC-002983,SAVINGS,Synthetic Sahyadri Bank 4,CUSTOMER
ACC-000128,SAVINGS,Synthetic Sahyadri Bank 4,CUSTOMER
ACC-000732,SAVINGS,Synthetic Sahyadri Bank 1,CUSTOMER
ACC-002980,SAVINGS,Synthetic Sahyadri Bank 2,CUSTOMER
ACC-002101,SAVINGS,Synthetic Sahyadri Bank 3,CUSTOMER
ACC-000566,SAVINGS,Synthetic Sahyadri Bank 2,CUSTOMER
ACC-000333,SAVINGS,Synthetic Sahyadri Bank 5,CUSTOMER
ACC-000143,SAVINGS,Synthetic Sahyadri Bank 3,CUSTOMER
ACC-001960,SAVINGS,Synthetic Sahyadri Bank 1,CUSTOMER
ACC-001387,SAVINGS,Synthetic Sahyadri Bank 3,CUSTOMER
ACC-000287,SAVINGS,Synthetic Sahyadri Bank 6,CUSTOMER
ACC-000481,SAVINGS,Synthetic Sahyadri Bank 1,CUSTOMER
ACC-000842,SAVINGS,Synthetic Sahyadri Bank 3,CUSTOMER
ACC-000754,SAVINGS,Synthetic Sahyadri Bank 6,CUSTOMER
ACC-001710,SAVINGS,Synthetic Sahyadri Bank 4,CUSTOMER
ACC-001176,SAVINGS,Synthetic Sahyadri Bank 4,CUSTOMER
ACC-002961,SAVINGS,Synthetic Sahyadri Bank 4,CUSTOMER
ACC-002217,SAVINGS,Synthetic Sahyadri Bank 4,CUSTOMER
ACC-000578,SAVINGS,Synthetic Sahyadri Bank 6,CUSTOMER
ACC-001690,SAVINGS,Synthetic Sahyadri Bank 1,CUSTOMER
ACC-001016,SAVINGS,Synthetic Sahyadri Bank 6,CUSTOMER
ACC-001918,SAVINGS,Synthetic Sahyadri Bank 1,CUSTOMER
ACC-002003,SAVINGS,Synthetic Sahyadri Bank 4,CUSTOMER
ACC-002999,SAVINGS,Synthetic Sahyadri Bank 4,CUSTOMER
ACC-000556,SAVINGS,Synthetic Sahyadri Bank 4,CUSTOMER
ACC-001626,SAVINGS,Synthetic Sahyadri Bank 1,CUSTOMER
ACC-000412,SAVINGS,Synthetic Sahyadri Bank 3,CUSTOMER
ACC-000882,SAVINGS,Synthetic Sahyadri Bank 6,CUSTOMER
ACC-000216,SAVINGS,Synthetic Sahyadri Bank 1,CUSTOMER
ACC-001293,SAVINGS,Synthetic Sahyadri Bank 2,CUSTOMER
ACC-000138,SAVINGS,Synthetic Sahyadri Bank 5,CUSTOMER
ACC-000664,SAVINGS,Synthetic Sahyadri Bank 3,CUSTOMER
ACC-001950,SAVINGS,Synthetic Sahyadri Bank 3,CUSTOMER
ACC-001186,SAVINGS,Synthetic Sahyadri Bank 6,CUSTOMER
ACC-001946,SAVINGS,Synthetic Sahyadri Bank 5,CUSTOMER
ACC-000600,SAVINGS,Synthetic Sahyadri Bank 6,CUSTOMER
ACC-001512,SAVINGS,Synthetic Sahyadri Bank 6,CUSTOMER
ACC-001142,SAVINGS,Synthetic Sahyadri Bank 6,CUSTOMER
ACC-001944,SAVINGS,Synthetic Sahyadri Bank 6,CUSTOMER
ACC-002465,SAVINGS,Synthetic Sahyadri Bank 4,CUSTOMER
ACC-002001,SAVINGS,Synthetic Sahyadri Bank 1,CUSTOMER
ACC-000237,SAVINGS,Synthetic Sahyadri Bank 5,CUSTOMER
ACC-000391,SAVINGS,Synthetic Sahyadri Bank 1,CUSTOMER
ACC-001344,SAVINGS,Synthetic Sahyadri Bank 3,CUSTOMER
ACC-002537,SAVINGS,Synthetic Sahyadri Bank 2,CUSTOMER
ACC-002344,SAVINGS,Synthetic Sahyadri Bank 2,CUSTOMER
ACC-000738,SAVINGS,Synthetic Sahyadri Bank 2,CUSTOMER
ACC-002378,SAVINGS,Synthetic Sahyadri Bank 5,CUSTOMER
ACC-000694,SAVINGS,Synthetic Sahyadri Bank 1,CUSTOMER
ACC-002002,SAVINGS,Synthetic Sahyadri Bank 5,CUSTOMER
ACC-000303,SAVINGS,Synthetic Sahyadri Bank 1,CUSTOMER
ACC-001203,SAVINGS,Synthetic Sahyadri Bank 1,CUSTOMER
ACC-002620,SAVINGS,Synthetic Sahyadri Bank 3,CUSTOMER
ACC-002574,SAVINGS,Synthetic Sahyadri Bank 6,CUSTOMER
ACC-000893,SAVINGS,Synthetic Sahyadri Bank 4,CUSTOMER
ACC-000768,SAVINGS,Synthetic Sahyadri Bank 5,CUSTOMER
ACC-001153,SAVINGS,Synthetic Sahyadri Bank 3,CUSTOMER
ACC-002125,SAVINGS,Synthetic Sahyadri Bank 2,CUSTOMER
ACC-000228,SAVINGS,Synthetic Sahyadri Bank 5,CUSTOMER
ACC-002415,SAVINGS,Synthetic Sahyadri Bank 5,CUSTOMER
ACC-002972,SAVINGS,Synthetic Sahyadri Bank 3,CUSTOMER
ACC-001531,SAVINGS,Synthetic Sahyadri Bank 5,CUSTOMER
ACC-002639,SAVINGS,Synthetic Sahyadri Bank 2,CUSTOMER
ACC-001111,SAVINGS,Synthetic Sahyadri Bank 2,CUSTOMER
ACC-001740,SAVINGS,Synthetic Sahyadri Bank 4,CUSTOMER
ACC-002040,SAVINGS,Synthetic Sahyadri Bank 5,CUSTOMER
ACC-002363,SAVINGS,Synthetic Sahyadri Bank 5,CUSTOMER
ACC-001795,SAVINGS,Synthetic Sahyadri Bank 6,CUSTOMER
ACC-000463,SAVINGS,Synthetic Sahyadri Bank 3,CUSTOMER
ACC-000562,SAVINGS,Synthetic Sahyadri Bank 6,CUSTOMER
ACC-001910,SAVINGS,Synthetic Sahyadri Bank 1,CUSTOMER
ACC-002701,SAVINGS,Synthetic Sahyadri Bank 6,CUSTOMER
ACC-001332,SAVINGS,Synthetic Sahyadri Bank 6,CUSTOMER
ACC-002384,SAVINGS,Synthetic Sahyadri Bank 2,CUSTOMER
ACC-000253,SAVINGS,Synthetic Sahyadri Bank 3,CUSTOMER
ACC-002303,SAVINGS,Synthetic Sahyadri Bank 5,CUSTOMER
ACC-000611,SAVINGS,Synthetic Sahyadri Bank 4,CUSTOMER
ACC-000210,SAVINGS,Synthetic Sahyadri Bank 4,CUSTOMER
ACC-001039,SAVINGS,Synthetic Sahyadri Bank 2,CUSTOMER
ACC-000509,SAVINGS,Synthetic Sahyadri Bank 4,CUSTOMER
ACC-002270,SAVINGS,Synthetic Sahyadri Bank 1,CUSTOMER
ACC-001913,SAVINGS,Synthetic Sahyadri Bank 2,CUSTOMER
ACC-002010,SAVINGS,Synthetic Sahyadri Bank 1,CUSTOMER
ACC-001095,SAVINGS,Synthetic Sahyadri Bank 5,CUSTOMER
ACC-002850,SAVINGS,Synthetic Sahyadri Bank 6,CUSTOMER
ACC-001572,SAVINGS,Synthetic Sahyadri Bank 6,CUSTOMER
ACC-002808,SAVINGS,Synthetic Sahyadri Bank 4,CUSTOMER
ACC-001827,SAVINGS,Synthetic Sahyadri Bank 5,CUSTOMER
ACC-001126,SAVINGS,Synthetic Sahyadri Bank 3,CUSTOMER
ACC-001838,SAVINGS,Synthetic Sahyadri Bank 3,CUSTOMER
ACC-000096,SAVINGS,Synthetic Sahyadri Bank 5,CUSTOMER
ACC-002696,SAVINGS,Synthetic Sahyadri Bank 1,CUSTOMER
ACC-001736,SAVINGS,Synthetic Sahyadri Bank 4,CUSTOMER
ACC-001210,SAVINGS,Synthetic Sahyadri Bank 5,CUSTOMER
ACC-001924,SAVINGS,Synthetic Sahyadri Bank 1,CUSTOMER
ACC-000548,SAVINGS,Synthetic Sahyadri Bank 3,CUSTOMER
ACC-001171,SAVINGS,Synthetic Sahyadri Bank 4,CUSTOMER
ACC-002244,SAVINGS,Synthetic Sahyadri Bank 1,CUSTOMER
ACC-000354,SAVINGS,Synthetic Sahyadri Bank 2,CUSTOMER
ACC-000007,SAVINGS,Synthetic Sahyadri Bank 3,CUSTOMER
ACC-002822,SAVINGS,Synthetic Sahyadri Bank 6,CUSTOMER
ACC-000373,SAVINGS,Synthetic Sahyadri Bank 4,CUSTOMER
ACC-001926,SAVINGS,Synthetic Sahyadri Bank 3,CUSTOMER
ACC-002678,SAVINGS,Synthetic Sahyadri Bank 6,CUSTOMER
ACC-002736,SAVINGS,Synthetic Sahyadri Bank 3,CUSTOMER
ACC-002474,SAVINGS,Synthetic Sahyadri Bank 3,CUSTOMER
ACC-000283,SAVINGS,Synthetic Sahyadri Bank 1,CUSTOMER
ACC-002367,SAVINGS,Synthetic Sahyadri Bank 4,CUSTOMER
ACC-000169,SAVINGS,Synthetic Sahyadri Bank 2,CUSTOMER
ACC-002252,SAVINGS,Synthetic Sahyadri Bank 6,CUSTOMER
ACC-001842,SAVINGS,Synthetic Sahyadri Bank 4,CUSTOMER
ACC-002464,SAVINGS,Synthetic Sahyadri Bank 5,CUSTOMER
ACC-001569,SAVINGS,Synthetic Sahyadri Bank 1,CUSTOMER
ACC-001773,SAVINGS,Synthetic Sahyadri Bank 1,CUSTOMER
ACC-000747,SAVINGS,Synthetic Sahyadri Bank 3,CUSTOMER
ACC-002719,SAVINGS,Synthetic Sahyadri Bank 3,CUSTOMER
ACC-002661,SAVINGS,Synthetic Sahyadri Bank 2,CUSTOMER
ACC-002296,SAVINGS,Synthetic Sahyadri Bank 5,CUSTOMER
ACC-000331,SAVINGS,Synthetic Sahyadri Bank 2,CUSTOMER
ACC-002871,SAVINGS,Synthetic Sahyadri Bank 1,CUSTOMER
ACC-001907,SAVINGS,Synthetic Sahyadri Bank 6,CUSTOMER
ACC-002086,SAVINGS,Synthetic Sahyadri Bank 5,CUSTOMER
ACC-000598,SAVINGS,Synthetic Sahyadri Bank 3,CUSTOMER
ACC-002391,SAVINGS,Synthetic Sahyadri Bank 1,CUSTOMER
ACC-002311,SAVINGS,Synthetic Sahyadri Bank 5,CUSTOMER
ACC-002084,SAVINGS,Synthetic Sahyadri Bank 1,CUSTOMER
ACC-002828,SAVINGS,Synthetic Sahyadri Bank 3,CUSTOMER
ACC-002901,SAVINGS,Synthetic Sahyadri Bank 5,CUSTOMER
ACC-001263,SAVINGS,Synthetic Sahyadri Bank 6,CUSTOMER
ACC-002623,SAVINGS,Synthetic Sahyadri Bank 5,CUSTOMER
ACC-000013,SAVINGS,Synthetic Sahyadri Bank 3,CUSTOMER
ACC-002782,SAVINGS,Synthetic Sahyadri Bank 1,CUSTOMER
ACC-002936,SAVINGS,Synthetic Sahyadri Bank 5,CUSTOMER
ACC-001802,SAVINGS,Synthetic Sahyadri Bank 5,CUSTOMER
ACC-000547,SAVINGS,Synthetic Sahyadri Bank 4,CUSTOMER
ACC-001310,SAVINGS,Synthetic Sahyadri Bank 2,CUSTOMER
ACC-001231,SAVINGS,Synthetic Sahyadri Bank 4,CUSTOMER
ACC-001160,SAVINGS,Synthetic Sahyadri Bank 2,CUSTOMER
ACC-002211,SAVINGS,Synthetic Sahyadri Bank 2,CUSTOMER
ACC-000235,SAVINGS,Synthetic Sahyadri Bank 2,CUSTOMER
ACC-001378,SAVINGS,Synthetic Sahyadri Bank 6,CUSTOMER
ACC-002404,SAVINGS,Synthetic Sahyadri Bank 2,CUSTOMER
ACC-000208,SAVINGS,Synthetic Sahyadri Bank 4,CUSTOMER
ACC-002843,SAVINGS,Synthetic Sahyadri Bank 1,CUSTOMER
ACC-000325,SAVINGS,Synthetic Sahyadri Bank 4,CUSTOMER
ACC-000764,SAVINGS,Synthetic Sahyadri Bank 5,CUSTOMER
ACC-002621,SAVINGS,Synthetic Sahyadri Bank 2,CUSTOMER
ACC-000500,SAVINGS,Synthetic Sahyadri Bank 5,CUSTOMER
ACC-002778,SAVINGS,Synthetic Sahyadri Bank 2,CUSTOMER
ACC-001353,SAVINGS,Synthetic Sahyadri Bank 2,CUSTOMER
ACC-000790,SAVINGS,Synthetic Sahyadri Bank 6,CUSTOMER
ACC-002468,SAVINGS,Synthetic Sahyadri Bank 4,CUSTOMER
ACC-001034,SAVINGS,Synthetic Sahyadri Bank 3,CUSTOMER
ACC-000477,SAVINGS,Synthetic Sahyadri Bank 5,CUSTOMER
ACC-000612,SAVINGS,Synthetic Sahyadri Bank 4,CUSTOMER
ACC-002917,SAVINGS,Synthetic Sahyadri Bank 1,CUSTOMER
ACC-000898,SAVINGS,Synthetic Sahyadri Bank 2,CUSTOMER
ACC-000610,SAVINGS,Synthetic Sahyadri Bank 3,CUSTOMER
ACC-002605,SAVINGS,Synthetic Sahyadri Bank 1,CUSTOMER
ACC-002503,SAVINGS,Synthetic Sahyadri Bank 3,CUSTOMER
ACC-001318,SAVINGS,Synthetic Sahyadri Bank 2,CUSTOMER
ACC-001716,SAVINGS,Synthetic Sahyadri Bank 2,CUSTOMER
ACC-001288,SAVINGS,Synthetic Sahyadri Bank 4,CUSTOMER
ACC-001003,SAVINGS,Synthetic Sahyadri Bank 3,CUSTOMER
ACC-001903,SAVINGS,Synthetic Sahyadri Bank 5,CUSTOMER
ACC-000625,SAVINGS,Synthetic Sahyadri Bank 1,CUSTOMER
ACC-002946,SAVINGS,Synthetic Sahyadri Bank 2,CUSTOMER
ACC-001873,SAVINGS,Synthetic Sahyadri Bank 6,CUSTOMER
ACC-002737,SAVINGS,Synthetic Sahyadri Bank 6,CUSTOMER
ACC-001143,SAVINGS,Synthetic Sahyadri Bank 2,CUSTOMER
ACC-002324,SAVINGS,Synthetic Sahyadri Bank 6,CUSTOMER
ACC-001479,SAVINGS,Synthetic Sahyadri Bank 5,CUSTOMER
ACC-001707,SAVINGS,Synthetic Sahyadri Bank 4,CUSTOMER
ACC-002979,SAVINGS,Synthetic Sahyadri Bank 2,CUSTOMER
ACC-002695,SAVINGS,Synthetic Sahyadri Bank 2,CUSTOMER
ACC-002521,SAVINGS,Synthetic Sahyadri Bank 4,CUSTOMER
ACC-001444,SAVINGS,Synthetic Sahyadri Bank 1,CUSTOMER
ACC-000836,SAVINGS,Synthetic Sahyadri Bank 5,CUSTOMER
ACC-002705,SAVINGS,Synthetic Sahyadri Bank 4,CUSTOMER
ACC-001864,SAVINGS,Synthetic Sahyadri Bank 5,CUSTOMER
ACC-001524,SAVINGS,Synthetic Sahyadri Bank 2,CUSTOMER
ACC-002532,SAVINGS,Synthetic Sahyadri Bank 2,CUSTOMER
ACC-001964,SAVINGS,Synthetic Sahyadri Bank 1,CUSTOMER
ACC-002969,SAVINGS,Synthetic Sahyadri Bank 3,CUSTOMER
ACC-000850,SAVINGS,Synthetic Sahyadri Bank 3,CUSTOMER
ACC-000173,SAVINGS,Synthetic Sahyadri Bank 5,CUSTOMER
ACC-002390,SAVINGS,Synthetic Sahyadri Bank 5,CUSTOMER
ACC-002613,SAVINGS,Synthetic Sahyadri Bank 4,CUSTOMER
ACC-002348,SAVINGS,Synthetic Sahyadri Bank 3,CUSTOMER
ACC-002306,SAVINGS,Synthetic Sahyadri Bank 3,CUSTOMER
ACC-001611,SAVINGS,Synthetic Sahyadri Bank 6,CUSTOMER
ACC-002507,SAVINGS,Synthetic Sahyadri Bank 1,CUSTOMER
ACC-001411,SAVINGS,Synthetic Sahyadri Bank 1,CUSTOMER
ACC-002046,SAVINGS,Synthetic Sahyadri Bank 3,CUSTOMER
ACC-000503,SAVINGS,Synthetic Sahyadri Bank 3,CUSTOMER
ACC-001631,SAVINGS,Synthetic Sahyadri Bank 6,CUSTOMER
ACC-002489,SAVINGS,Synthetic Sahyadri Bank 4,CUSTOMER
ACC-001232,SAVINGS,Synthetic Sahyadri Bank 1,CUSTOMER
ACC-001722,SAVINGS,Synthetic Sahyadri Bank 4,CUSTOMER
ACC-000845,SAVINGS,Synthetic Sahyadri Bank 6,CUSTOMER
ACC-000270,SAVINGS,Synthetic Sahyadri Bank 4,CUSTOMER
ACC-000926,SAVINGS,Synthetic Sahyadri Bank 2,CUSTOMER
ACC-000034,SAVINGS,Synthetic Sahyadri Bank 3,CUSTOMER
ACC-001956,SAVINGS,Synthetic Sahyadri Bank 4,CUSTOMER
ACC-002552,SAVINGS,Synthetic Sahyadri Bank 1,CUSTOMER
ACC-002663,SAVINGS,Synthetic Sahyadri Bank 3,CUSTOMER
ACC-002408,SAVINGS,Synthetic Sahyadri Bank 5,CUSTOMER
ACC-002231,SAVINGS,Synthetic Sahyadri Bank 4,CUSTOMER
ACC-001962,SAVINGS,Synthetic Sahyadri Bank 6,CUSTOMER
ACC-000486,SAVINGS,Synthetic Sahyadri Bank 5,CUSTOMER
ACC-000779,SAVINGS,Synthetic Sahyadri Bank 5,CUSTOMER
ACC-001959,SAVINGS,Synthetic Sahyadri Bank 3,CUSTOMER
ACC-002038,SAVINGS,Synthetic Sahyadri Bank 5,CUSTOMER
ACC-002221,SAVINGS,Synthetic Sahyadri Bank 4,CUSTOMER
ACC-000591,SAVINGS,Synthetic Sahyadri Bank 4,CUSTOMER
ACC-002182,SAVINGS,Synthetic Sahyadri Bank 2,CUSTOMER
ACC-001093,SAVINGS,Synthetic Sahyadri Bank 3,CUSTOMER
ACC-000456,SAVINGS,Synthetic Sahyadri Bank 3,CUSTOMER
ACC-001237,SAVINGS,Synthetic Sahyadri Bank 5,CUSTOMER
ACC-000573,SAVINGS,Synthetic Sahyadri Bank 4,CUSTOMER
ACC-000187,SAVINGS,Synthetic Sahyadri Bank 1,CUSTOMER
ACC-002984,SAVINGS,Synthetic Sahyadri Bank 2,CUSTOMER
ACC-001445,SAVINGS,Synthetic Sahyadri Bank 3,CUSTOMER
ACC-000421,SAVINGS,Synthetic Sahyadri Bank 3,CUSTOMER
ACC-000078,SAVINGS,Synthetic Sahyadri Bank 6,CUSTOMER
ACC-000514,SAVINGS,Synthetic Sahyadri Bank 2,CUSTOMER
ACC-001832,SAVINGS,Synthetic Sahyadri Bank 4,CUSTOMER
ACC-002900,SAVINGS,Synthetic Sahyadri Bank 3,CUSTOMER
ACC-001357,SAVINGS,Synthetic Sahyadri Bank 6,CUSTOMER
ACC-001202,SAVINGS,Synthetic Sahyadri Bank 1,CUSTOMER
ACC-000058,SAVINGS,Synthetic Sahyadri Bank 4,CUSTOMER
ACC-002195,SAVINGS,Synthetic Sahyadri Bank 4,CUSTOMER
ACC-000763,SAVINGS,Synthetic Sahyadri Bank 2,CUSTOMER
ACC-002301,SAVINGS,Synthetic Sahyadri Bank 5,CUSTOMER
ACC-001130,SAVINGS,Synthetic Sahyadri Bank 2,CUSTOMER
ACC-001498,SAVINGS,Synthetic Sahyadri Bank 3,CUSTOMER
ACC-001190,SAVINGS,Synthetic Sahyadri Bank 5,CUSTOMER
ACC-002873,SAVINGS,Synthetic Sahyadri Bank 6,CUSTOMER
ACC-002604,SAVINGS,Synthetic Sahyadri Bank 6,CUSTOMER
ACC-001887,SAVINGS,Synthetic Sahyadri Bank 1,CUSTOMER
ACC-001812,SAVINGS,Synthetic Sahyadri Bank 3,CUSTOMER
ACC-002479,SAVINGS,Synthetic Sahyadri Bank 4,CUSTOMER
ACC-001545,SAVINGS,Synthetic Sahyadri Bank 4,CUSTOMER
ACC-001413,SAVINGS,Synthetic Sahyadri Bank 3,CUSTOMER
ACC-002793,SAVINGS,Synthetic Sahyadri Bank 3,CUSTOMER
ACC-001261,SAVINGS,Synthetic Sahyadri Bank 3,CUSTOMER
ACC-002581,SAVINGS,Synthetic Sahyadri Bank 5,CUSTOMER
ACC-002112,SAVINGS,Synthetic Sahyadri Bank 5,CUSTOMER
ACC-001824,SAVINGS,Synthetic Sahyadri Bank 6,CUSTOMER
ACC-000666,SAVINGS,Synthetic Sahyadri Bank 2,CUSTOMER
ACC-000232,SAVINGS,Synthetic Sahyadri Bank 5,CUSTOMER
ACC-002375,SAVINGS,Synthetic Sahyadri Bank 3,CUSTOMER
ACC-000994,SAVINGS,Synthetic Sahyadri Bank 5,CUSTOMER
ACC-002970,SAVINGS,Synthetic Sahyadri Bank 6,CUSTOMER
ACC-001179,SAVINGS,Synthetic Sahyadri Bank 2,CUSTOMER
ACC-000942,SAVINGS,Synthetic Sahyadri Bank 4,CUSTOMER
ACC-000648,SAVINGS,Synthetic Sahyadri Bank 1,CUSTOMER
ACC-000550,SAVINGS,Synthetic Sahyadri Bank 4,CUSTOMER
ACC-001556,SAVINGS,Synthetic Sahyadri Bank 1,CUSTOMER
ACC-002634,SAVINGS,Synthetic Sahyadri Bank 2,CUSTOMER
ACC-000866,SAVINGS,Synthetic Sahyadri Bank 3,CUSTOMER
ACC-000462,SAVINGS,Synthetic Sahyadri Bank 1,CUSTOMER
ACC-002966,SAVINGS,Synthetic Sahyadri Bank 6,CUSTOMER
ACC-001932,SAVINGS,Synthetic Sahyadri Bank 1,CUSTOMER
ACC-000719,SAVINGS,Synthetic Sahyadri Bank 4,CUSTOMER
ACC-001088,SAVINGS,Synthetic Sahyadri Bank 3,CUSTOMER
ACC-002289,SAVINGS,Synthetic Sahyadri Bank 6,CUSTOMER
ACC-002102,SAVINGS,Synthetic Sahyadri Bank 4,CUSTOMER
ACC-000818,SAVINGS,Synthetic Sahyadri Bank 4,CUSTOMER
ACC-001685,SAVINGS,Synthetic Sahyadri Bank 6,CUSTOMER
ACC-000485,SAVINGS,Synthetic Sahyadri Bank 6,CUSTOMER
ACC-002039,SAVINGS,Synthetic Sahyadri Bank 5,CUSTOMER
ACC-002484,SAVINGS,Synthetic Sahyadri Bank 2,CUSTOMER
ACC-000628,SAVINGS,Synthetic Sahyadri Bank 2,CUSTOMER
ACC-002049,SAVINGS,Synthetic Sahyadri Bank 5,CUSTOMER
ACC-002267,SAVINGS,Synthetic Sahyadri Bank 6,CUSTOMER
ACC-000585,SAVINGS,Synthetic Sahyadri Bank 5,CUSTOMER
ACC-000954,SAVINGS,Synthetic Sahyadri Bank 5,CUSTOMER
ACC-000553,SAVINGS,Synthetic Sahyadri Bank 2,CUSTOMER
ACC-000798,SAVINGS,Synthetic Sahyadri Bank 4,CUSTOMER
ACC-001027,SAVINGS,Synthetic Sahyadri Bank 3,CUSTOMER
ACC-001819,SAVINGS,Synthetic Sahyadri Bank 5,CUSTOMER
ACC-001828,SAVINGS,Synthetic Sahyadri Bank 4,CUSTOMER
ACC-000879,SAVINGS,Synthetic Sahyadri Bank 3,CUSTOMER
ACC-002434,SAVINGS,Synthetic Sahyadri Bank 3,CUSTOMER
ACC-000655,SAVINGS,Synthetic Sahyadri Bank 3,CUSTOMER
ACC-001352,SAVINGS,Synthetic Sahyadri Bank 4,CUSTOMER
ACC-000714,SAVINGS,Synthetic Sahyadri Bank 6,CUSTOMER
ACC-002345,SAVINGS,Synthetic Sahyadri Bank 2,CUSTOMER
ACC-001961,SAVINGS,Synthetic Sahyadri Bank 2,CUSTOMER
ACC-000740,SAVINGS,Synthetic Sahyadri Bank 5,CUSTOMER
ACC-001888,SAVINGS,Synthetic Sahyadri Bank 4,CUSTOMER
ACC-002960,SAVINGS,Synthetic Sahyadri Bank 1,CUSTOMER
ACC-001316,SAVINGS,Synthetic Sahyadri Bank 5,CUSTOMER
ACC-001682,SAVINGS,Synthetic Sahyadri Bank 1,CUSTOMER
ACC-001402,SAVINGS,Synthetic Sahyadri Bank 6,CUSTOMER
ACC-001661,SAVINGS,Synthetic Sahyadri Bank 3,CUSTOMER
ACC-002109,SAVINGS,Synthetic Sahyadri Bank 2,CUSTOMER
ACC-000196,SAVINGS,Synthetic Sahyadri Bank 5,CUSTOMER
ACC-002697,SAVINGS,Synthetic Sahyadri Bank 5,CUSTOMER
ACC-001305,SAVINGS,Synthetic Sahyadri Bank 5,CUSTOMER
ACC-002123,SAVINGS,Synthetic Sahyadri Bank 4,CUSTOMER
ACC-002285,SAVINGS,Synthetic Sahyadri Bank 4,CUSTOMER
ACC-001844,SAVINGS,Synthetic Sahyadri Bank 5,CUSTOMER
ACC-000069,SAVINGS,Synthetic Sahyadri Bank 5,CUSTOMER
ACC-001909,SAVINGS,Synthetic Sahyadri Bank 4,CUSTOMER
ACC-002326,SAVINGS,Synthetic Sahyadri Bank 2,CUSTOMER
ACC-002486,SAVINGS,Synthetic Sahyadri Bank 4,CUSTOMER
ACC-002180,SAVINGS,Synthetic Sahyadri Bank 4,CUSTOMER
ACC-000493,SAVINGS,Synthetic Sahyadri Bank 1,CUSTOMER
ACC-002550,SAVINGS,Synthetic Sahyadri Bank 2,CUSTOMER
ACC-002088,SAVINGS,Synthetic Sahyadri Bank 1,CUSTOMER
ACC-001509,SAVINGS,Synthetic Sahyadri Bank 4,CUSTOMER
ACC-000180,SAVINGS,Synthetic Sahyadri Bank 5,CUSTOMER
ACC-002007,SAVINGS,Synthetic Sahyadri Bank 3,CUSTOMER
ACC-000913,SAVINGS,Synthetic Sahyadri Bank 6,CUSTOMER
ACC-002181,SAVINGS,Synthetic Sahyadri Bank 4,CUSTOMER
ACC-001084,SAVINGS,Synthetic Sahyadri Bank 4,CUSTOMER
ACC-000502,SAVINGS,Synthetic Sahyadri Bank 1,CUSTOMER
ACC-000132,SAVINGS,Synthetic Sahyadri Bank 6,CUSTOMER
ACC-002127,SAVINGS,Synthetic Sahyadri Bank 6,CUSTOMER
ACC-001010,SAVINGS,Synthetic Sahyadri Bank 5,CUSTOMER
ACC-002948,SAVINGS,Synthetic Sahyadri Bank 3,CUSTOMER
ACC-002448,SAVINGS,Synthetic Sahyadri Bank 2,CUSTOMER
ACC-000369,SAVINGS,Synthetic Sahyadri Bank 4,CUSTOMER
ACC-001904,SAVINGS,Synthetic Sahyadri Bank 3,CUSTOMER
ACC-002611,SAVINGS,Synthetic Sahyadri Bank 6,CUSTOMER
ACC-000647,SAVINGS,Synthetic Sahyadri Bank 5,CUSTOMER
ACC-000816,SAVINGS,Synthetic Sahyadri Bank 5,CUSTOMER
ACC-000139,SAVINGS,Synthetic Sahyadri Bank 5,CUSTOMER
ACC-001585,SAVINGS,Synthetic Sahyadri Bank 4,CUSTOMER
ACC-002444,SAVINGS,Synthetic Sahyadri Bank 6,CUSTOMER
ACC-000200,SAVINGS,Synthetic Sahyadri Bank 1,CUSTOMER
ACC-000150,SAVINGS,Synthetic Sahyadri Bank 6,CUSTOMER
ACC-000778,SAVINGS,Synthetic Sahyadri Bank 2,CUSTOMER
ACC-001474,SAVINGS,Synthetic Sahyadri Bank 2,CUSTOMER
ACC-002317,SAVINGS,Synthetic Sahyadri Bank 5,CUSTOMER
ACC-001460,SAVINGS,Synthetic Sahyadri Bank 1,CUSTOMER
ACC-001941,SAVINGS,Synthetic Sahyadri Bank 3,CUSTOMER
ACC-002818,SAVINGS,Synthetic Sahyadri Bank 2,CUSTOMER
ACC-001054,SAVINGS,Synthetic Sahyadri Bank 3,CUSTOMER
ACC-002892,SAVINGS,Synthetic Sahyadri Bank 3,CUSTOMER
ACC-001256,SAVINGS,Synthetic Sahyadri Bank 4,CUSTOMER
ACC-001424,SAVINGS,Synthetic Sahyadri Bank 3,CUSTOMER
ACC-002072,SAVINGS,Synthetic Sahyadri Bank 2,CUSTOMER
ACC-000279,SAVINGS,Synthetic Sahyadri Bank 1,CUSTOMER
ACC-002173,SAVINGS,Synthetic Sahyadri Bank 1,CUSTOMER
ACC-000587,SAVINGS,Synthetic Sahyadri Bank 5,CUSTOMER
ACC-000107,SAVINGS,Synthetic Sahyadri Bank 2,CUSTOMER
ACC-000300,SAVINGS,Synthetic Sahyadri Bank 5,CUSTOMER
ACC-002958,SAVINGS,Synthetic Sahyadri Bank 5,CUSTOMER
ACC-002879,SAVINGS,Synthetic Sahyadri Bank 2,CUSTOMER
ACC-000943,SAVINGS,Synthetic Sahyadri Bank 2,CUSTOMER
ACC-001023,SAVINGS,Synthetic Sahyadri Bank 4,CUSTOMER
ACC-001911,SAVINGS,Synthetic Sahyadri Bank 1,CUSTOMER
ACC-001121,SAVINGS,Synthetic Sahyadri Bank 5,CUSTOMER
ACC-002978,SAVINGS,Synthetic Sahyadri Bank 2,CUSTOMER
ACC-001241,SAVINGS,Synthetic Sahyadri Bank 1,CUSTOMER
ACC-001614,SAVINGS,Synthetic Sahyadri Bank 6,CUSTOMER
ACC-002225,SAVINGS,Synthetic Sahyadri Bank 2,CUSTOMER
ACC-002171,SAVINGS,Synthetic Sahyadri Bank 5,CUSTOMER
ACC-002098,SAVINGS,Synthetic Sahyadri Bank 6,CUSTOMER
ACC-002469,SAVINGS,Synthetic Sahyadri Bank 5,CUSTOMER
ACC-002164,SAVINGS,Synthetic Sahyadri Bank 5,CUSTOMER
ACC-002347,SAVINGS,Synthetic Sahyadri Bank 5,CUSTOMER
ACC-002449,SAVINGS,Synthetic Sahyadri Bank 5,CUSTOMER
ACC-002395,SAVINGS,Synthetic Sahyadri Bank 5,CUSTOMER
ACC-000974,SAVINGS,Synthetic Sahyadri Bank 4,CUSTOMER
ACC-002930,SAVINGS,Synthetic Sahyadri Bank 1,CUSTOMER
ACC-001567,SAVINGS,Synthetic Sahyadri Bank 5,CUSTOMER
ACC-001915,SAVINGS,Synthetic Sahyadri Bank 4,CUSTOMER
ACC-001120,SAVINGS,Synthetic Sahyadri Bank 4,CUSTOMER
ACC-002078,SAVINGS,Synthetic Sahyadri Bank 4,CUSTOMER
ACC-002033,SAVINGS,Synthetic Sahyadri Bank 5,CUSTOMER
ACC-000227,SAVINGS,Synthetic Sahyadri Bank 2,CUSTOMER
ACC-002201,SAVINGS,Synthetic Sahyadri Bank 1,CUSTOMER
ACC-000278,SAVINGS,Synthetic Sahyadri Bank 3,CUSTOMER
ACC-000439,SAVINGS,Synthetic Sahyadri Bank 2,CUSTOMER
ACC-000158,SAVINGS,Synthetic Sahyadri Bank 5,CUSTOMER
ACC-002186,SAVINGS,Synthetic Sahyadri Bank 3,CUSTOMER
ACC-000526,SAVINGS,Synthetic Sahyadri Bank 4,CUSTOMER
ACC-002372,SAVINGS,Synthetic Sahyadri Bank 3,CUSTOMER
ACC-001825,SAVINGS,Synthetic Sahyadri Bank 4,CUSTOMER
ACC-001446,SAVINGS,Synthetic Sahyadri Bank 2,CUSTOMER
ACC-002064,SAVINGS,Synthetic Sahyadri Bank 5,CUSTOMER
ACC-002349,SAVINGS,Synthetic Sahyadri Bank 3,CUSTOMER
ACC-000710,SAVINGS,Synthetic Sahyadri Bank 3,CUSTOMER
ACC-001875,SAVINGS,Synthetic Sahyadri Bank 6,CUSTOMER
ACC-001539,SAVINGS,Synthetic Sahyadri Bank 1,CUSTOMER
ACC-001394,SAVINGS,Synthetic Sahyadri Bank 4,CUSTOMER
ACC-000773,SAVINGS,Synthetic Sahyadri Bank 5,CUSTOMER
ACC-000804,SAVINGS,Synthetic Sahyadri Bank 2,CUSTOMER
ACC-000277,SAVINGS,Synthetic Sahyadri Bank 4,CUSTOMER
ACC-000589,SAVINGS,Synthetic Sahyadri Bank 4,CUSTOMER
ACC-002830,SAVINGS,Synthetic Sahyadri Bank 1,CUSTOMER
ACC-000563,SAVINGS,Synthetic Sahyadri Bank 6,CUSTOMER
ACC-001746,SAVINGS,Synthetic Sahyadri Bank 5,CUSTOMER
ACC-002299,SAVINGS,Synthetic Sahyadri Bank 2,CUSTOMER
ACC-002229,SAVINGS,Synthetic Sahyadri Bank 5,CUSTOMER
ACC-002043,SAVINGS,Synthetic Sahyadri Bank 5,CUSTOMER
ACC-001894,SAVINGS,Synthetic Sahyadri Bank 3,CUSTOMER
ACC-001100,SAVINGS,Synthetic Sahyadri Bank 4,CUSTOMER
ACC-001664,SAVINGS,Synthetic Sahyadri Bank 6,CUSTOMER
ACC-002776,SAVINGS,Synthetic Sahyadri Bank 5,CUSTOMER
ACC-002683,SAVINGS,Synthetic Sahyadri Bank 5,CUSTOMER
ACC-002810,SAVINGS,Synthetic Sahyadri Bank 5,CUSTOMER
ACC-002819,SAVINGS,Synthetic Sahyadri Bank 1,CUSTOMER
ACC-000094,SAVINGS,Synthetic Sahyadri Bank 3,CUSTOMER
ACC-002991,SAVINGS,Synthetic Sahyadri Bank 1,CUSTOMER
ACC-000995,SAVINGS,Synthetic Sahyadri Bank 1,CUSTOMER
ACC-002155,SAVINGS,Synthetic Sahyadri Bank 6,CUSTOMER
ACC-000256,SAVINGS,Synthetic Sahyadri Bank 2,CUSTOMER
ACC-000175,SAVINGS,Synthetic Sahyadri Bank 5,CUSTOMER
ACC-001858,SAVINGS,Synthetic Sahyadri Bank 5,CUSTOMER
ACC-001554,SAVINGS,Synthetic Sahyadri Bank 1,CUSTOMER
ACC-001211,SAVINGS,Synthetic Sahyadri Bank 1,CUSTOMER
ACC-002079,SAVINGS,Synthetic Sahyadri Bank 4,CUSTOMER
ACC-001364,SAVINGS,Synthetic Sahyadri Bank 5,CUSTOMER
ACC-000095,SAVINGS,Synthetic Sahyadri Bank 2,CUSTOMER
ACC-002330,SAVINGS,Synthetic Sahyadri Bank 1,CUSTOMER
ACC-001274,SAVINGS,Synthetic Sahyadri Bank 3,CUSTOMER
ACC-001414,SAVINGS,Synthetic Sahyadri Bank 6,CUSTOMER
ACC-000889,SAVINGS,Synthetic Sahyadri Bank 6,CUSTOMER
ACC-002286,SAVINGS,Synthetic Sahyadri Bank 3,CUSTOMER
ACC-000047,SAVINGS,Synthetic Sahyadri Bank 4,CUSTOMER
ACC-001113,SAVINGS,Synthetic Sahyadri Bank 3,CUSTOMER
ACC-002805,SAVINGS,Synthetic Sahyadri Bank 1,CUSTOMER
ACC-001519,SAVINGS,Synthetic Sahyadri Bank 4,CUSTOMER
ACC-001734,SAVINGS,Synthetic Sahyadri Bank 5,CUSTOMER
ACC-001419,SAVINGS,Synthetic Sahyadri Bank 5,CUSTOMER
ACC-001322,SAVINGS,Synthetic Sahyadri Bank 2,CUSTOMER
ACC-001189,SAVINGS,Synthetic Sahyadri Bank 2,CUSTOMER
ACC-001499,SAVINGS,Synthetic Sahyadri Bank 2,CUSTOMER
ACC-001627,SAVINGS,Synthetic Sahyadri Bank 2,CUSTOMER
ACC-001051,SAVINGS,Synthetic Sahyadri Bank 6,CUSTOMER
ACC-000302,SAVINGS,Synthetic Sahyadri Bank 5,CUSTOMER
ACC-001177,SAVINGS,Synthetic Sahyadri Bank 2,CUSTOMER
ACC-002933,SAVINGS,Synthetic Sahyadri Bank 6,CUSTOMER
ACC-002281,SAVINGS,Synthetic Sahyadri Bank 6,CUSTOMER
ACC-000967,SAVINGS,Synthetic Sahyadri Bank 5,CUSTOMER
ACC-000246,SAVINGS,Synthetic Sahyadri Bank 3,CUSTOMER
ACC-002351,SAVINGS,Synthetic Sahyadri Bank 6,CUSTOMER
ACC-002302,SAVINGS,Synthetic Sahyadri Bank 3,CUSTOMER
ACC-002588,SAVINGS,Synthetic Sahyadri Bank 2,CUSTOMER
ACC-002126,SAVINGS,Synthetic Sahyadri Bank 3,CUSTOMER
ACC-001759,SAVINGS,Synthetic Sahyadri Bank 5,CUSTOMER
ACC-000613,SAVINGS,Synthetic Sahyadri Bank 1,CUSTOMER
ACC-001094,SAVINGS,Synthetic Sahyadri Bank 6,CUSTOMER
ACC-000248,SAVINGS,Synthetic Sahyadri Bank 5,CUSTOMER
ACC-002787,SAVINGS,Synthetic Sahyadri Bank 6,CUSTOMER
ACC-001489,SAVINGS,Synthetic Sahyadri Bank 3,CUSTOMER
ACC-002656,SAVINGS,Synthetic Sahyadri Bank 3,CUSTOMER
ACC-000868,SAVINGS,Synthetic Sahyadri Bank 2,CUSTOMER
ACC-000627,SAVINGS,Synthetic Sahyadri Bank 5,CUSTOMER
ACC-000211,SAVINGS,Synthetic Sahyadri Bank 5,CUSTOMER
ACC-001004,SAVINGS,Synthetic Sahyadri Bank 3,CUSTOMER
ACC-002569,SAVINGS,Synthetic Sahyadri Bank 2,CUSTOMER
ACC-002515,SAVINGS,Synthetic Sahyadri Bank 6,CUSTOMER
ACC-001645,SAVINGS,Synthetic Sahyadri Bank 5,CUSTOMER
ACC-000948,SAVINGS,Synthetic Sahyadri Bank 6,CUSTOMER
ACC-002872,SAVINGS,Synthetic Sahyadri Bank 5,CUSTOMER
ACC-001308,SAVINGS,Synthetic Sahyadri Bank 1,CUSTOMER
ACC-000702,SAVINGS,Synthetic Sahyadri Bank 5,CUSTOMER
ACC-001830,SAVINGS,Synthetic Sahyadri Bank 6,CUSTOMER
ACC-001829,SAVINGS,Synthetic Sahyadri Bank 1,CUSTOMER
ACC-000960,SAVINGS,Synthetic Sahyadri Bank 3,CUSTOMER
ACC-001045,SAVINGS,Synthetic Sahyadri Bank 6,CUSTOMER
ACC-002633,SAVINGS,Synthetic Sahyadri Bank 1,CUSTOMER
ACC-000965,SAVINGS,Synthetic Sahyadri Bank 5,CUSTOMER
ACC-002681,SAVINGS,Synthetic Sahyadri Bank 6,CUSTOMER
ACC-001017,SAVINGS,Synthetic Sahyadri Bank 3,CUSTOMER
ACC-002031,SAVINGS,Synthetic Sahyadri Bank 6,CUSTOMER
ACC-000015,SAVINGS,Synthetic Sahyadri Bank 1,CUSTOMER
ACC-002640,SAVINGS,Synthetic Sahyadri Bank 6,CUSTOMER
ACC-000172,SAVINGS,Synthetic Sahyadri Bank 5,CUSTOMER
ACC-002028,SAVINGS,Synthetic Sahyadri Bank 5,CUSTOMER
ACC-000201,SAVINGS,Synthetic Sahyadri Bank 2,CUSTOMER
ACC-000049,SAVINGS,Synthetic Sahyadri Bank 5,CUSTOMER
ACC-001219,SAVINGS,Synthetic Sahyadri Bank 4,CUSTOMER
ACC-001072,SAVINGS,Synthetic Sahyadri Bank 2,CUSTOMER
ACC-002136,SAVINGS,Synthetic Sahyadri Bank 5,CUSTOMER
ACC-002241,SAVINGS,Synthetic Sahyadri Bank 4,CUSTOMER
ACC-001541,SAVINGS,Synthetic Sahyadri Bank 6,CUSTOMER
ACC-000545,SAVINGS,Synthetic Sahyadri Bank 1,CUSTOMER
ACC-000968,SAVINGS,Synthetic Sahyadri Bank 4,CUSTOMER
ACC-001271,SAVINGS,Synthetic Sahyadri Bank 1,CUSTOMER
ACC-002570,SAVINGS,Synthetic Sahyadri Bank 5,CUSTOMER
ACC-000905,SAVINGS,Synthetic Sahyadri Bank 3,CUSTOMER
ACC-001355,SAVINGS,Synthetic Sahyadri Bank 2,CUSTOMER
ACC-000063,SAVINGS,Synthetic Sahyadri Bank 3,CUSTOMER
ACC-002352,SAVINGS,Synthetic Sahyadri Bank 4,CUSTOMER
ACC-002257,SAVINGS,Synthetic Sahyadri Bank 2,CUSTOMER
ACC-000721,SAVINGS,Synthetic Sahyadri Bank 6,CUSTOMER
