audit_id,generated_at,case_id,status,risk_score,assigned_reviewer,resolution
595a9671-bd97-4770-850c-a37930759f82,2026-10-09T13:59:47.473597+00:00,CASE-BEN-000022,Needs Review,40,,
595a9671-bd97-4770-850c-a37930759f82,2026-10-09T13:59:47.473597+00:00,CASE-BEN-000029,Needs Review,45,,
595a9671-bd97-4770-850c-a37930759f82,2026-10-09T13:59:47.473597+00:00,CASE-BEN-000097,Needs Review,45,,
595a9671-bd97-4770-850c-a37930759f82,2026-10-09T13:59:47.473597+00:00,CASE-BEN-000187,Needs Review,45,,
595a9671-bd97-4770-850c-a37930759f82,2026-10-09T13:59:47.473597+00:00,CASE-BEN-000221,Needs Review,40,,
595a9671-bd97-4770-850c-a37930759f82,2026-10-09T13:59:47.473597+00:00,CASE-BEN-000247,Needs Review,45,,
595a9671-bd97-4770-850c-a37930759f82,2026-10-09T13:59:47.473597+00:00,CASE-BEN-000296,Needs Review,40,,
595a9671-bd97-4770-850c-a37930759f82,2026-10-09T13:59:47.473597+00:00,CASE-BEN-000330,Needs Review,40,,
595a9671-bd97-4770-850c-a37930759f82,2026-10-09T13:59:47.473597+00:00,CASE-BEN-000382,Needs Review,40,,
595a9671-bd97-4770-850c-a37930759f82,2026-10-09T13:59:47.473597+00:00,CASE-BEN-000406,Needs Review,45,,
595a9671-bd97-4770-850c-a37930759f82,2026-10-09T13:59:47.473597+00:00,CASE-BEN-000415,Needs Review,45,,
595a9671-bd97-4770-850c-a37930759f82,2026-10-09T13:59:47.473597+00:00,CASE-BEN-000429,Needs Review,45,,
595a9671-bd97-4770-850c-a37930759f82,2026-10-09T13:59:47.473597+00:00,CASE-BEN-000506,Needs Review,40,,
595a9671-bd97-4770-850c-a37930759f82,2026-10-09T13:59:47.473597+00:00,CASE-BEN-000525,Needs Review,45,,
595a9671-bd97-4770-850c-a37930759f82,2026-10-09T13:59:47.473597+00:00,CASE-BEN-000544,Needs Review,40,,
595a9671-bd97-4770-850c-a37930759f82,2026-10-09T13:59:47.473597+00:00,CASE-BEN-000585,Needs Review,40,,
595a9671-bd97-4770-850c-a37930759f82,2026-10-09T13:59:47.473597+00:00,CASE-BEN-000587,Needs Review,40,,
595a9671-bd97-4770-850c-a37930759f82,2026-10-09T13:59:47.473597+00:00,CASE-BEN-000626,Needs Review,40,,
595a9671-bd97-4770-850c-a37930759f82,2026-10-09T13:59:47.473597+00:00,CASE-BEN-000656,Needs Review,40,,
595a9671-bd97-4770-850c-a37930759f82,2026-10-09T13:59:47.473597+00:00,CASE-BEN-000724,Needs Review,40,,
595a9671-bd97-4770-850c-a37930759f82,2026-10-09T13:59:47.473597+00:00,CASE-BEN-000817,Needs Review,40,,
595a9671-bd97-4770-850c-a37930759f82,2026-10-09T13:59:47.473597+00:00,CASE-BEN-000837,Needs Review,40,,
595a9671-bd97-4770-850c-a37930759f82,2026-10-09T13:59:47.473597+00:00,CASE-BEN-000902,Needs Review,40,,
595a9671-bd97-4770-850c-a37930759f82,2026-10-09T13:59:47.473597+00:00,CASE-BEN-000994,Needs Review,40,,
595a9671-bd97-4770-850c-a37930759f82,2026-10-09T13:59:47.473597+00:00,CLU-0982bb1d3627,Needs Review,35,,
595a9671-bd97-4770-850c-a37930759f82,2026-10-09T13:59:47.473597+00:00,CLU-249c04a6b2b7,Needs Review,35,,
595a9671-bd97-4770-850c-a37930759f82,2026-10-09T13:59:47.473597+00:00,CLU-4b8fe41259ab,Needs Review,40,,
595a9671-bd97-4770-850c-a37930759f82,2026-10-09T13:59:47.473597+00:00,CLU-569543c17119,Needs Review,40,,
595a9671-bd97-4770-850c-a37930759f82,2026-10-09T13:59:47.473597+00:00,CLU-61f65182db6b,Needs Review,70,,
595a9671-bd97-4770-850c-a37930759f82,2026-10-09T13:59:47.473597+00:00,CLU-64567521a5aa,Needs Review,40,,
595a9671-bd97-4770-850c-a37930759f82,2026-10-09T13:59:47.473597+00:00,CLU-6d83c0f7ab02,Needs Review,35,,
595a9671-bd97-4770-850c-a37930759f82,2026-10-09T13:59:47.473597+00:00,CLU-6d9379af7fe3,Needs Review,75,,
595a9671-bd97-4770-850c-a37930759f82,2026-10-09T13:59:47.473597+00:00,CLU-85f1cb87a15a,Needs Review,70,,
595a9671-bd97-4770-850c-a37930759f82,2026-10-09T13:59:47.473597+00:00,CLU-9729df5ab457,In Investigation,75,V2 Demo Auditor,Synthetic workflow test: verify original scholarship and account records before any conclusion.
595a9671-bd97-4770-850c-a37930759f82,2026-10-09T13:59:47.473597+00:00,CLU-9fe7dc708171,Needs Review,35,,
595a9671-bd97-4770-850c-a37930759f82,2026-10-09T13:59:47.473597+00:00,CLU-a9920905bb1c,Needs Review,40,,
595a9671-bd97-4770-850c-a37930759f82,2026-10-09T13:59:47.473597+00:00,CLU-bf2a2a3979b3,Needs Review,40,,
595a9671-bd97-4770-850c-a37930759f82,2026-10-09T13:59:47.473597+00:00,CLU-c65d26dc07f0,Needs Review,70,,
595a9671-bd97-4770-850c-a37930759f82,2026-10-09T13:59:47.473597+00:00,CLU-d390eda41653,Needs Review,35,,
595a9671-bd97-4770-850c-a37930759f82,2026-10-09T13:59:47.473597+00:00,CLU-d975477abd60,Needs Review,40,,
595a9671-bd97-4770-850c-a37930759f82,2026-10-09T13:59:47.473597+00:00,CLU-e39a1bea3f7d,Needs Review,40,,
595a9671-bd97-4770-850c-a37930759f82,2026-10-09T13:59:47.473597+00:00,CLU-e6b2661cbe10,Needs Review,75,,
