institution_id,fictional_institution_name,district,institution_type
INST-0061,Synthetic Solapur Uday Institute 5,Solapur,DEGREE_COLLEGE
INST-0031,Synthetic Thane Suman Institute 7,Thane,UNIVERSITY
INST-0009,Synthetic Nagpur Kalpataru Institute 1,Nagpur,DEGREE_COLLEGE
INST-0021,Synthetic Nashik Uday Institute 5,Nashik,DEGREE_COLLEGE
INST-0074,Synthetic Jalgaon Neelkamal Institute 2,Jalgaon,POLYTECHNIC
INST-0073,Synthetic Jalgaon Kalpataru Institute 1,Jalgaon,DEGREE_COLLEGE
INST-0043,Synthetic Kolhapur Abhinav Institute 3,Kolhapur,UNIVERSITY
INST-0052,Synthetic Satara Sahyadri Institute 4,Satara,VOCATIONAL_COLLEGE
INST-0041,Synthetic Kolhapur Kalpataru Institute 1,Kolhapur,DEGREE_COLLEGE
INST-0044,Synthetic Kolhapur Sahyadri Institute 4,Kolhapur,VOCATIONAL_COLLEGE
INST-0084,Synthetic Nanded Sahyadri Institute 4,Nanded,VOCATIONAL_COLLEGE
INST-0017,Synthetic Nashik Kalpataru Institute 1,Nashik,DEGREE_COLLEGE
INST-0076,Synthetic Jalgaon Sahyadri Institute 4,Jalgaon,VOCATIONAL_COLLEGE
INST-0091,Synthetic Latur Abhinav Institute 3,Latur,UNIVERSITY
INST-0069,Synthetic Amravati Uday Institute 5,Amravati,DEGREE_COLLEGE
INST-0060,Synthetic Solapur Sahyadri Institute 4,Solapur,VOCATIONAL_COLLEGE
INST-0042,Synthetic Kolhapur Neelkamal Institute 2,Kolhapur,POLYTECHNIC
INST-0080,Synthetic Jalgaon Tarang Institute 8,Jalgaon,VOCATIONAL_COLLEGE
INST-0026,Synthetic Thane Neelkamal Institute 2,Thane,POLYTECHNIC
INST-0049,Synthetic Satara Kalpataru Institute 1,Satara,DEGREE_COLLEGE
INST-0028,Synthetic Thane Sahyadri Institute 4,Thane,VOCATIONAL_COLLEGE
INST-0095,Synthetic Latur Suman Institute 7,Latur,UNIVERSITY
INST-0051,Synthetic Satara Abhinav Institute 3,Satara,UNIVERSITY
INST-0023,Synthetic Nashik Suman Institute 7,Nashik,UNIVERSITY
INST-0020,Synthetic Nashik Sahyadri Institute 4,Nashik,VOCATIONAL_COLLEGE
INST-0036,Synthetic Mumbai Sahyadri Institute 4,Mumbai,VOCATIONAL_COLLEGE
INST-0046,Synthetic Kolhapur Chaitra Institute 6,Kolhapur,POLYTECHNIC
INST-0063,Synthetic Solapur Suman Institute 7,Solapur,UNIVERSITY
INST-0085,Synthetic Nanded Uday Institute 5,Nanded,DEGREE_COLLEGE
INST-0050,Synthetic Satara Neelkamal Institute 2,Satara,POLYTECHNIC
INST-0038,Synthetic Mumbai Chaitra Institute 6,Mumbai,POLYTECHNIC
INST-0086,Synthetic Nanded Chaitra Institute 6,Nanded,POLYTECHNIC
INST-0065,Synthetic Amravati Kalpataru Institute 1,Amravati,DEGREE_COLLEGE
INST-0006,Synthetic Pune Chaitra Institute 6,Pune,POLYTECHNIC
INST-0075,Synthetic Jalgaon Abhinav Institute 3,Jalgaon,UNIVERSITY
INST-0035,Synthetic Mumbai Abhinav Institute 3,Mumbai,UNIVERSITY
INST-0014,Synthetic Nagpur Chaitra Institute 6,Nagpur,POLYTECHNIC
INST-0030,Synthetic Thane Chaitra Institute 6,Thane,POLYTECHNIC
INST-0083,Synthetic Nanded Abhinav Institute 3,Nanded,UNIVERSITY
INST-0045,Synthetic Kolhapur Uday Institute 5,Kolhapur,DEGREE_COLLEGE
INST-0070,Synthetic Amravati Chaitra Institute 6,Amravati,POLYTECHNIC
INST-0066,Synthetic Amravati Neelkamal Institute 2,Amravati,POLYTECHNIC
INST-0062,Synthetic Solapur Chaitra Institute 6,Solapur,POLYTECHNIC
INST-0037,Synthetic Mumbai Uday Institute 5,Mumbai,DEGREE_COLLEGE
INST-0055,Synthetic Satara Suman Institute 7,Satara,UNIVERSITY
INST-0078,Synthetic Jalgaon Chaitra Institute 6,Jalgaon,POLYTECHNIC
INST-0053,Synthetic Satara Uday Institute 5,Satara,DEGREE_COLLEGE
INST-0092,Synthetic Latur Sahyadri Institute 4,Latur,VOCATIONAL_COLLEGE
INST-0079,Synthetic Jalgaon Suman Institute 7,Jalgaon,UNIVERSITY
INST-0058,Synthetic Solapur Neelkamal Institute 2,Solapur,POLYTECHNIC
INST-0032,Synthetic Thane Tarang Institute 8,Thane,VOCATIONAL_COLLEGE
INST-0090,Synthetic Latur Neelkamal Institute 2,Latur,POLYTECHNIC
INST-0012,Synthetic Nagpur Sahyadri Institute 4,Nagpur,VOCATIONAL_COLLEGE
INST-0040,Synthetic Mumbai Tarang Institute 8,Mumbai,VOCATIONAL_COLLEGE
INST-0087,Synthetic Nanded Suman Institute 7,Nanded,UNIVERSITY
INST-0011,Synthetic Nagpur Abhinav Institute 3,Nagpur,UNIVERSITY
INST-0010,Synthetic Nagpur Neelkamal Institute 2,Nagpur,POLYTECHNIC
INST-0034,Synthetic Mumbai Neelkamal Institute 2,Mumbai,POLYTECHNIC
INST-0024,Synthetic Nashik Tarang Institute 8,Nashik,VOCATIONAL_COLLEGE
INST-0002,Synthetic Pune Neelkamal Institute 2,Pune,POLYTECHNIC
INST-0022,Synthetic Nashik Chaitra Institute 6,Nashik,POLYTECHNIC
INST-0047,Synthetic Kolhapur Suman Institute 7,Kolhapur,UNIVERSITY
INST-0088,Synthetic Nanded Tarang Institute 8,Nanded,VOCATIONAL_COLLEGE
INST-0057,Synthetic Solapur Kalpataru Institute 1,Solapur,DEGREE_COLLEGE
INST-0039,Synthetic Mumbai Suman Institute 7,Mumbai,UNIVERSITY
INST-0018,Synthetic Nashik Neelkamal Institute 2,Nashik,POLYTECHNIC
INST-0048,Synthetic Kolhapur Tarang Institute 8,Kolhapur,VOCATIONAL_COLLEGE
INST-0096,Synthetic Latur Tarang Institute 8,Latur,VOCATIONAL_COLLEGE
INST-0059,Synthetic Solapur Abhinav Institute 3,Solapur,UNIVERSITY
INST-0094,Synthetic Latur Chaitra Institute 6,Latur,POLYTECHNIC
INST-0015,Synthetic Nagpur Suman Institute 7,Nagpur,UNIVERSITY
INST-0005,Synthetic Pune Uday Institute 5,Pune,DEGREE_COLLEGE
INST-0093,Synthetic Latur Uday Institute 5,Latur,DEGREE_COLLEGE
INST-0003,Synthetic Pune Abhinav Institute 3,Pune,UNIVERSITY
INST-0071,Synthetic Amravati Suman Institute 7,Amravati,UNIVERSITY
INST-0072,Synthetic Amravati Tarang Institute 8,Amravati,VOCATIONAL_COLLEGE
INST-0033,Synthetic Mumbai Kalpataru Institute 1,Mumbai,DEGREE_COLLEGE
INST-0004,Synthetic Pune Sahyadri Institute 4,Pune,VOCATIONAL_COLLEGE
INST-0029,Synthetic Thane Uday Institute 5,Thane,DEGREE_COLLEGE
INST-0054,Synthetic Satara Chaitra Institute 6,Satara,POLYTECHNIC
INST-0067,Synthetic Amravati Abhinav Institute 3,Amravati,UNIVERSITY
INST-0068,Synthetic Amravati Sahyadri Institute 4,Amravati,VOCATIONAL_COLLEGE
INST-0064,Synthetic Solapur Tarang Institute 8,Solapur,VOCATIONAL_COLLEGE
INST-0016,Synthetic Nagpur Tarang Institute 8,Nagpur,VOCATIONAL_COLLEGE
INST-0007,Synthetic Pune Suman Institute 7,Pune,UNIVERSITY
INST-0001,Synthetic Pune Kalpataru Institute 1,Pune,DEGREE_COLLEGE
INST-0008,Synthetic Pune Tarang Institute 8,Pune,VOCATIONAL_COLLEGE
INST-0082,Synthetic Nanded Neelkamal Institute 2,Nanded,POLYTECHNIC
INST-0013,Synthetic Nagpur Uday Institute 5,Nagpur,DEGREE_COLLEGE
INST-0027,Synthetic Thane Abhinav Institute 3,Thane,UNIVERSITY
INST-0089,Synthetic Latur Kalpataru Institute 1,Latur,DEGREE_COLLEGE
INST-0077,Synthetic Jalgaon Uday Institute 5,Jalgaon,DEGREE_COLLEGE
INST-0019,Synthetic Nashik Abhinav Institute 3,Nashik,UNIVERSITY
INST-0056,Synthetic Satara Tarang Institute 8,Satara,VOCATIONAL_COLLEGE
INST-0025,Synthetic Thane Kalpataru Institute 1,Thane,DEGREE_COLLEGE
INST-0081,Synthetic Nanded Kalpataru Institute 1,Nanded,DEGREE_COLLEGE
