fraud_ring_id,scenario_type,member_ids,intended_suspicious_behavior,expected_evidence
RING-0015,COMMON_COLLECTION_ACCOUNT,BEN-000656|BEN-000902|BEN-000587|BEN-000330|BEN-000544|BEN-000837|BEN-000585|BEN-000506,Recipients forward a portion of funded scholarships to a common downstream account.,ground_truth/ring_evidence.json: RING-0015
RING-0007,IDENTITY_CLONING,BEN-000532|BEN-000885|BEN-000841,Aliases of the same people claim multiple awards using spelling/initial variants.,ground_truth/ring_evidence.json: RING-0007
RING-0019,BATCH_FABRICATION,BEN-000509|BEN-000546|BEN-000078|BEN-000923|BEN-000362|BEN-000197|BEN-000317|BEN-000490|BEN-000951|BEN-000780,"Closely timed registrations, related names/contacts and common payouts indicate coordinated creation.",ground_truth/ring_evidence.json: RING-0019
RING-0008,SHARED_PAYOUT_ACCOUNT,BEN-000992|BEN-000010|BEN-000224|BEN-000482|BEN-000859|BEN-000713|BEN-000603|BEN-000701|BEN-000878|BEN-000777,Unrelated identities concentrate awards in a small payout-account hub.,ground_truth/ring_evidence.json: RING-0008
RING-0006,IDENTITY_CLONING,BEN-000886|BEN-000436|BEN-000135,Aliases of the same people claim multiple awards using spelling/initial variants.,ground_truth/ring_evidence.json: RING-0006
RING-0002,IDENTITY_CLONING,BEN-000940|BEN-000614|BEN-000672,Aliases of the same people claim multiple awards using spelling/initial variants.,ground_truth/ring_evidence.json: RING-0002
RING-0005,IDENTITY_CLONING,BEN-000027|BEN-000007|BEN-000852,Aliases of the same people claim multiple awards using spelling/initial variants.,ground_truth/ring_evidence.json: RING-0005
RING-0010,INCOMPATIBLE_SCHEME_CLAIMS,BEN-000280|BEN-000241|BEN-000387|BEN-000516|BEN-000917,Connected students receive both mutually exclusive tuition awards in one academic year.,ground_truth/ring_evidence.json: RING-0010
RING-0009,SHARED_PAYOUT_ACCOUNT,BEN-000320|BEN-000864|BEN-000629|BEN-000803|BEN-000453|BEN-000566|BEN-000806|BEN-000032|BEN-000580|BEN-000037,Unrelated identities concentrate awards in a small payout-account hub.,ground_truth/ring_evidence.json: RING-0009
RING-0012,GHOST_IDENTITY,BEN-000196|BEN-000670|BEN-000843|BEN-000310|BEN-000921|BEN-000225|BEN-000005|BEN-000353,Fabricated claims share payout/contact infrastructure; some receive approval despite missing enrollment.,ground_truth/ring_evidence.json: RING-0012
RING-0003,IDENTITY_CLONING,BEN-000643|BEN-000956|BEN-000663,Aliases of the same people claim multiple awards using spelling/initial variants.,ground_truth/ring_evidence.json: RING-0003
RING-0011,INCOMPATIBLE_SCHEME_CLAIMS,BEN-000554|BEN-000465|BEN-000993|BEN-000283|BEN-000440,Connected students receive both mutually exclusive tuition awards in one academic year.,ground_truth/ring_evidence.json: RING-0011
RING-0013,GHOST_IDENTITY,BEN-000183|BEN-000809|BEN-000105|BEN-000447|BEN-000282|BEN-000371|BEN-000075|BEN-000975,Fabricated claims share payout/contact infrastructure; some receive approval despite missing enrollment.,ground_truth/ring_evidence.json: RING-0013
RING-0017,CIRCULAR_TRANSFERS,BEN-000525|BEN-000097|BEN-000406|BEN-000415,A chronological funded sequence returns money to its origin.,ground_truth/ring_evidence.json: RING-0017
RING-0004,IDENTITY_CLONING,BEN-000577|BEN-000058|BEN-000491,Aliases of the same people claim multiple awards using spelling/initial variants.,ground_truth/ring_evidence.json: RING-0004
RING-0014,COMMON_COLLECTION_ACCOUNT,BEN-000382|BEN-000022|BEN-000626|BEN-000296|BEN-000994|BEN-000817|BEN-000221|BEN-000724,Recipients forward a portion of funded scholarships to a common downstream account.,ground_truth/ring_evidence.json: RING-0014
CL-017,IDENTITY_CLONING,BEN-000232|BEN-000137|BEN-000737|BEN-000756|BEN-000230|BEN-000042|BEN-000347|BEN-000398|BEN-000395|BEN-000605|BEN-000226|BEN-000997|BEN-000086|BEN-000437|BEN-000422|BEN-000673,Aliases of the same people claim multiple awards using spelling/initial variants.,ground_truth/ring_evidence.json: CL-017
RING-0016,CIRCULAR_TRANSFERS,BEN-000247|BEN-000029|BEN-000187|BEN-000429,A chronological funded sequence returns money to its origin.,ground_truth/ring_evidence.json: RING-0016
RING-0018,BATCH_FABRICATION,BEN-000574|BEN-000747|BEN-000063|BEN-000693|BEN-000028|BEN-000246|BEN-000742|BEN-000646|BEN-000363|BEN-000586,"Closely timed registrations, related names/contacts and common payouts indicate coordinated creation.",ground_truth/ring_evidence.json: RING-0018
