beneficiary_id_1,beneficiary_id_2,same_actual_person
BEN-000172,BEN-000761,0
BEN-000602,BEN-000969,0
BEN-000527,BEN-000986,0
BEN-000260,BEN-000936,0
BEN-000080,BEN-000877,0
BEN-000156,BEN-000630,0
BEN-000035,BEN-000139,0
BEN-000059,BEN-000421,0
BEN-000523,BEN-000950,0
BEN-000121,BEN-000614,0
BEN-000307,BEN-000925,0
BEN-000443,BEN-000759,0
BEN-000426,BEN-000718,0
BEN-000022,BEN-000691,0
BEN-000038,BEN-000201,0
BEN-000538,BEN-000603,0
BEN-000390,BEN-000803,0
BEN-000134,BEN-000573,0
BEN-000496,BEN-000930,0
BEN-000726,BEN-000803,0
BEN-000004,BEN-000278,0
BEN-000036,BEN-000282,0
BEN-000120,BEN-000286,0
BEN-000227,BEN-000609,0
BEN-000347,BEN-000712,0
BEN-000944,BEN-000992,0
BEN-000242,BEN-000798,0
BEN-000074,BEN-000952,0
BEN-000373,BEN-000942,0
BEN-000819,BEN-000990,0
BEN-000167,BEN-000171,0
BEN-000115,BEN-000747,0
BEN-000101,BEN-000363,0
BEN-000124,BEN-000608,0
BEN-000418,BEN-000552,0
BEN-000667,BEN-000929,0
BEN-000349,BEN-000374,0
BEN-000601,BEN-000896,0
BEN-000297,BEN-000464,0
BEN-000388,BEN-000809,0
BEN-000311,BEN-000735,0
BEN-000220,BEN-000458,0
BEN-000058,BEN-000147,0
BEN-000101,BEN-000433,0
BEN-000207,BEN-000594,0
BEN-000317,BEN-000958,0
BEN-000270,BEN-000871,0
BEN-000143,BEN-000249,0
BEN-000004,BEN-000309,0
BEN-000371,BEN-000842,0
BEN-000034,BEN-000719,0
BEN-000395,BEN-000763,0
BEN-000080,BEN-000841,0
BEN-000088,BEN-000359,0
BEN-000248,BEN-000675,0
BEN-000467,BEN-000836,0
BEN-000003,BEN-000626,0
BEN-000219,BEN-000831,0
BEN-000095,BEN-000954,0
BEN-000863,BEN-000985,0
BEN-000457,BEN-000832,0
BEN-000760,BEN-000874,0
BEN-000239,BEN-000683,0
BEN-000162,BEN-000988,0
BEN-000466,BEN-000627,0
BEN-000112,BEN-000722,0
BEN-000562,BEN-000627,0
BEN-000957,BEN-000962,0
BEN-000741,BEN-000792,0
BEN-000198,BEN-000761,0
BEN-000067,BEN-000720,0
BEN-000074,BEN-000809,0
BEN-000249,BEN-000586,0
BEN-000701,BEN-000753,0
BEN-000500,BEN-000978,0
BEN-000103,BEN-000269,0
BEN-000374,BEN-000628,0
BEN-000200,BEN-000624,0
BEN-000027,BEN-000257,0
BEN-000107,BEN-000349,0
BEN-000538,BEN-000844,0
BEN-000184,BEN-000752,0
BEN-000200,BEN-000430,0
BEN-000264,BEN-000440,0
BEN-000043,BEN-000900,0
BEN-000275,BEN-000386,0
BEN-000028,BEN-000833,0
BEN-000600,BEN-000625,0
BEN-000090,BEN-000132,0
BEN-000024,BEN-000466,0
BEN-000627,BEN-000668,0
BEN-000546,BEN-000653,0
BEN-000052,BEN-000235,0
BEN-000410,BEN-000416,0
BEN-000500,BEN-000983,0
BEN-000861,BEN-000917,0
BEN-000395,BEN-000532,0
BEN-000300,BEN-000971,0
BEN-000356,BEN-000417,0
BEN-000854,BEN-000907,0
BEN-000252,BEN-000591,0
BEN-000140,BEN-000237,0
BEN-000444,BEN-000667,0
BEN-000086,BEN-000437,1
BEN-000261,BEN-000386,0
BEN-000638,BEN-000696,0
BEN-000270,BEN-000664,0
BEN-000362,BEN-000888,0
BEN-000673,BEN-000676,0
BEN-000052,BEN-000712,0
BEN-000111,BEN-000586,0
BEN-000730,BEN-000764,0
BEN-000438,BEN-000582,0
BEN-000359,BEN-000483,0
BEN-000168,BEN-000263,0
BEN-000189,BEN-000421,0
BEN-000381,BEN-000970,0
BEN-000543,BEN-000950,0
BEN-000028,BEN-000157,0
BEN-000413,BEN-000544,0
BEN-000347,BEN-000398,1
BEN-000272,BEN-000531,0
BEN-000250,BEN-000977,0
BEN-000169,BEN-000989,0
BEN-000070,BEN-000126,0
BEN-000774,BEN-000939,0
BEN-000197,BEN-000218,0
BEN-000383,BEN-000549,0
BEN-000508,BEN-000672,0
BEN-000467,BEN-000669,0
BEN-000315,BEN-000538,0
BEN-000395,BEN-000605,1
BEN-000331,BEN-000764,0
BEN-000170,BEN-000734,0
BEN-000295,BEN-000464,0
BEN-000183,BEN-000212,0
BEN-000407,BEN-000489,0
BEN-000287,BEN-000705,0
BEN-000563,BEN-000583,0
BEN-000530,BEN-000663,0
BEN-000147,BEN-000868,0
BEN-000228,BEN-000853,0
BEN-000231,BEN-000614,0
BEN-000129,BEN-000632,0
BEN-000281,BEN-000348,0
BEN-000618,BEN-000934,0
BEN-000042,BEN-000230,1
BEN-000381,BEN-000740,0
BEN-000190,BEN-000486,0
BEN-000147,BEN-000277,0
BEN-000091,BEN-000707,0
BEN-000428,BEN-000565,0
BEN-000839,BEN-000850,0
BEN-000051,BEN-000460,0
BEN-000084,BEN-000146,0
BEN-000074,BEN-000688,0
BEN-000177,BEN-000646,0
BEN-000161,BEN-000792,0
BEN-000479,BEN-000859,0
BEN-000124,BEN-000191,0
BEN-000491,BEN-000577,1
BEN-000052,BEN-000647,0
BEN-000761,BEN-000887,0
BEN-000486,BEN-000621,0
BEN-000499,BEN-000767,0
BEN-000468,BEN-000668,0
BEN-000344,BEN-000978,0
BEN-000586,BEN-000684,0
BEN-000027,BEN-000614,0
BEN-000324,BEN-000526,0
BEN-000021,BEN-000784,0
BEN-000549,BEN-000650,0
BEN-000428,BEN-000872,0
BEN-000511,BEN-000888,0
BEN-000500,BEN-000932,0
BEN-000808,BEN-000963,0
BEN-000375,BEN-000609,0
BEN-000553,BEN-000642,0
BEN-000301,BEN-000667,0
BEN-000506,BEN-000707,0
BEN-000224,BEN-000785,0
BEN-000258,BEN-000925,0
BEN-000587,BEN-000826,0
BEN-000287,BEN-000441,0
BEN-000042,BEN-000073,0
BEN-000144,BEN-000329,0
BEN-000695,BEN-000988,0
BEN-000085,BEN-000285,0
BEN-000427,BEN-000766,0
BEN-000274,BEN-000464,0
BEN-000122,BEN-000379,0
BEN-000160,BEN-000218,0
BEN-000248,BEN-000493,0
BEN-000019,BEN-000456,0
BEN-000832,BEN-000990,0
BEN-000503,BEN-000622,0
BEN-000237,BEN-000243,0
BEN-000515,BEN-000781,0
BEN-000270,BEN-000907,0
BEN-000433,BEN-000793,0
BEN-000651,BEN-000760,0
BEN-000302,BEN-000793,0
BEN-000714,BEN-000754,0
BEN-000146,BEN-000276,0
BEN-000665,BEN-000825,0
BEN-000316,BEN-000542,0
BEN-000165,BEN-000393,0
BEN-000287,BEN-000990,0
BEN-000734,BEN-000892,0
BEN-000430,BEN-000833,0
BEN-000254,BEN-000360,0
BEN-000295,BEN-000866,0
BEN-000161,BEN-000587,0
BEN-000606,BEN-000989,0
BEN-000387,BEN-000507,0
BEN-000574,BEN-000833,0
BEN-000135,BEN-000436,1
BEN-000547,BEN-000844,0
BEN-000701,BEN-000833,0
BEN-000680,BEN-000747,0
BEN-000570,BEN-000966,0
BEN-000343,BEN-000411,0
BEN-000207,BEN-000709,0
BEN-000191,BEN-000566,0
BEN-000372,BEN-000394,0
BEN-000688,BEN-000876,0
BEN-000109,BEN-000504,0
BEN-000590,BEN-000806,0
BEN-000005,BEN-000359,0
BEN-000799,BEN-000942,0
BEN-000402,BEN-000759,0
BEN-000145,BEN-000182,0
BEN-000161,BEN-000822,0
BEN-000378,BEN-000871,0
BEN-000924,BEN-000948,0
BEN-000430,BEN-000530,0
BEN-000168,BEN-000616,0
BEN-000200,BEN-000983,0
BEN-000022,BEN-000168,0
BEN-000709,BEN-000910,0
BEN-000081,BEN-000396,0
BEN-000282,BEN-000777,0
BEN-000077,BEN-000643,0
BEN-000009,BEN-000053,0
BEN-000470,BEN-000693,0
BEN-000439,BEN-000571,0
BEN-000550,BEN-000880,0
BEN-000156,BEN-000877,0
BEN-000292,BEN-000479,0
BEN-000643,BEN-000741,0
BEN-000521,BEN-000768,0
BEN-000518,BEN-000775,0
BEN-000397,BEN-000905,0
BEN-000341,BEN-000458,0
BEN-000084,BEN-000563,0
BEN-000073,BEN-000967,0
BEN-000157,BEN-000292,0
BEN-000893,BEN-000919,0
BEN-000818,BEN-000897,0
BEN-000776,BEN-000830,0
BEN-000174,BEN-000660,0
BEN-000128,BEN-000978,0
BEN-000546,BEN-000736,0
BEN-000095,BEN-000901,0
BEN-000309,BEN-000721,0
BEN-000062,BEN-000719,0
BEN-000475,BEN-000918,0
BEN-000160,BEN-000288,0
BEN-000626,BEN-000953,0
BEN-000391,BEN-000880,0
BEN-000483,BEN-000705,0
BEN-000643,BEN-000956,1
BEN-000317,BEN-000346,0
BEN-000637,BEN-000789,0
BEN-000058,BEN-000070,0
BEN-000731,BEN-000941,0
BEN-000058,BEN-000170,0
BEN-000052,BEN-000640,0
BEN-000426,BEN-000991,0
BEN-000055,BEN-000680,0
BEN-000045,BEN-000456,0
BEN-000015,BEN-000189,0
BEN-000244,BEN-000369,0
BEN-000039,BEN-000909,0
BEN-000673,BEN-000807,0
BEN-000171,BEN-000335,0
BEN-000794,BEN-000822,0
BEN-000192,BEN-000314,0
BEN-000267,BEN-000411,0
BEN-000556,BEN-000794,0
BEN-000502,BEN-000696,0
BEN-000600,BEN-000988,0
BEN-000976,BEN-000978,0
BEN-000763,BEN-000992,0
BEN-000353,BEN-000956,0
BEN-000746,BEN-000776,0
BEN-000096,BEN-000371,0
BEN-000779,BEN-000992,0
BEN-000211,BEN-000391,0
BEN-000638,BEN-000649,0
BEN-000434,BEN-000814,0
BEN-000307,BEN-000696,0
BEN-000359,BEN-000764,0
BEN-000129,BEN-000242,0
BEN-000595,BEN-000884,0
BEN-000182,BEN-000819,0
BEN-000067,BEN-000746,0
BEN-000495,BEN-000522,0
BEN-000439,BEN-000476,0
BEN-000134,BEN-000825,0
BEN-000004,BEN-000372,0
BEN-000023,BEN-000824,0
BEN-000208,BEN-000927,0
BEN-000099,BEN-000770,0
BEN-000511,BEN-000754,0
BEN-000010,BEN-000381,0
BEN-000531,BEN-000982,0
BEN-000684,BEN-000706,0
BEN-000024,BEN-000857,0
BEN-000309,BEN-000907,0
BEN-000466,BEN-000562,0
BEN-000078,BEN-000802,0
BEN-000291,BEN-000740,0
BEN-000626,BEN-000909,0
BEN-000220,BEN-000692,0
BEN-000587,BEN-000970,0
BEN-000045,BEN-000486,0
BEN-000256,BEN-000344,0
BEN-000014,BEN-000430,0
BEN-000155,BEN-000547,0
BEN-000109,BEN-000389,0
BEN-000215,BEN-000988,0
BEN-000193,BEN-000373,0
BEN-000812,BEN-000940,0
BEN-000398,BEN-000940,0
BEN-000271,BEN-000518,0
BEN-000364,BEN-000569,0
BEN-000731,BEN-000911,0
BEN-000029,BEN-000675,0
BEN-000208,BEN-000249,0
BEN-000144,BEN-000487,0
BEN-000467,BEN-000997,0
BEN-000006,BEN-000505,0
BEN-000193,BEN-000405,0
BEN-000581,BEN-000877,0
BEN-000376,BEN-000832,0
BEN-000649,BEN-000678,0
BEN-000583,BEN-000635,0
BEN-000346,BEN-000690,0
BEN-000871,BEN-000982,0
BEN-000203,BEN-000663,0
BEN-000757,BEN-000955,0
BEN-000455,BEN-000990,0
BEN-000636,BEN-000762,0
BEN-000163,BEN-000225,0
BEN-000633,BEN-000731,0
BEN-000072,BEN-000390,0
BEN-000084,BEN-000477,0
BEN-000599,BEN-000729,0
BEN-000624,BEN-000770,0
BEN-000251,BEN-000494,0
BEN-000050,BEN-000332,0
BEN-000172,BEN-000936,0
BEN-000625,BEN-000756,0
BEN-000474,BEN-000489,0
BEN-000283,BEN-000922,0
BEN-000424,BEN-000625,0
BEN-000129,BEN-000848,0
BEN-000132,BEN-000398,0
BEN-000550,BEN-000909,0
BEN-000669,BEN-000915,0
BEN-000070,BEN-000830,0
BEN-000197,BEN-000323,0
BEN-000617,BEN-000695,0
BEN-000013,BEN-000607,0
BEN-000738,BEN-000862,0
BEN-000079,BEN-000845,0
BEN-000164,BEN-000768,0
BEN-000290,BEN-000954,0
BEN-000043,BEN-000948,0
BEN-000524,BEN-000830,0
BEN-000548,BEN-000710,0
BEN-000271,BEN-000838,0
BEN-000213,BEN-000596,0
BEN-000588,BEN-000731,0
BEN-000672,BEN-000858,0
BEN-000473,BEN-000794,0
BEN-000034,BEN-000209,0
BEN-000150,BEN-000331,0
BEN-000347,BEN-000615,0
BEN-000165,BEN-000795,0
BEN-000210,BEN-000666,0
BEN-000811,BEN-000922,0
BEN-000824,BEN-000925,0
BEN-000079,BEN-000297,0
BEN-000391,BEN-000986,0
BEN-000486,BEN-000684,0
BEN-000582,BEN-000975,0
BEN-000210,BEN-000239,0
BEN-000107,BEN-000943,0
BEN-000186,BEN-000435,0
BEN-000548,BEN-000962,0
BEN-000315,BEN-000657,0
BEN-000464,BEN-000966,0
BEN-000147,BEN-000311,0
BEN-000195,BEN-000607,0
BEN-000270,BEN-000426,0
BEN-000494,BEN-000715,0
BEN-000600,BEN-000806,0
BEN-000213,BEN-000301,0
BEN-000137,BEN-000485,0
BEN-000283,BEN-000645,0
BEN-000211,BEN-000893,0
BEN-000288,BEN-000374,0
BEN-000696,BEN-000935,0
BEN-000477,BEN-000978,0
BEN-000072,BEN-000275,0
BEN-000323,BEN-000782,0
BEN-000125,BEN-000281,0
BEN-000218,BEN-000815,0
BEN-000555,BEN-000752,0
BEN-000746,BEN-000755,0
BEN-000398,BEN-000591,0
BEN-000109,BEN-000473,0
BEN-000019,BEN-000686,0
BEN-000101,BEN-000862,0
BEN-000263,BEN-000735,0
BEN-000450,BEN-000871,0
BEN-000442,BEN-000697,0
BEN-000326,BEN-000362,0
BEN-000632,BEN-000791,0
BEN-000383,BEN-000503,0
BEN-000032,BEN-000654,0
BEN-000987,BEN-000989,0
BEN-000080,BEN-000897,0
BEN-000263,BEN-000940,0
BEN-000250,BEN-000675,0
BEN-000152,BEN-000845,0
BEN-000482,BEN-000682,0
BEN-000746,BEN-000838,0
BEN-000346,BEN-000356,0
BEN-000186,BEN-000757,0
BEN-000183,BEN-000412,0
BEN-000148,BEN-000188,0
BEN-000094,BEN-000905,0
BEN-000014,BEN-000296,0
BEN-000127,BEN-000438,0
BEN-000483,BEN-000764,0
BEN-000452,BEN-000819,0
BEN-000077,BEN-000203,0
BEN-000154,BEN-000398,0
BEN-000410,BEN-000628,0
BEN-000409,BEN-000984,0
BEN-000171,BEN-000651,0
BEN-000584,BEN-000881,0
BEN-000527,BEN-000699,0
BEN-000145,BEN-000865,0
BEN-000410,BEN-000830,0
BEN-000150,BEN-000506,0
BEN-000236,BEN-000253,0
BEN-000522,BEN-000775,0
BEN-000163,BEN-000639,0
BEN-000477,BEN-000587,0
BEN-000558,BEN-000592,0
BEN-000079,BEN-000792,0
BEN-000341,BEN-000548,0
BEN-000071,BEN-000177,0
BEN-000783,BEN-000888,0
BEN-000406,BEN-000645,0
BEN-000191,BEN-000886,0
BEN-000193,BEN-000415,0
BEN-000512,BEN-000731,0
BEN-000200,BEN-000852,0
BEN-000210,BEN-000424,0
BEN-000328,BEN-000706,0
BEN-000436,BEN-000886,1
BEN-000228,BEN-000565,0
BEN-000682,BEN-000814,0
BEN-000585,BEN-000588,0
BEN-000376,BEN-000399,0
BEN-000435,BEN-000690,0
BEN-000319,BEN-000953,0
BEN-000362,BEN-000671,0
BEN-000767,BEN-000892,0
BEN-000586,BEN-000938,0
BEN-000664,BEN-000907,0
BEN-000149,BEN-000636,0
BEN-000871,BEN-000907,0
BEN-000139,BEN-000495,0
BEN-000694,BEN-000989,0
BEN-000093,BEN-000789,0
BEN-000184,BEN-000957,0
BEN-000057,BEN-000728,0
BEN-000008,BEN-000362,0
BEN-000496,BEN-000600,0
BEN-000076,BEN-000313,0
BEN-000269,BEN-000755,0
BEN-000375,BEN-000869,0
BEN-000250,BEN-000524,0
BEN-000690,BEN-000986,0
BEN-000309,BEN-000923,0
BEN-000022,BEN-000649,0
BEN-000046,BEN-000280,0
BEN-000364,BEN-000925,0
BEN-000229,BEN-000846,0
BEN-000445,BEN-000676,0
BEN-000136,BEN-000937,0
BEN-000520,BEN-000929,0
BEN-000688,BEN-000814,0
BEN-000024,BEN-000477,0
BEN-000326,BEN-000609,0
BEN-000079,BEN-000781,0
BEN-000485,BEN-000813,0
BEN-000446,BEN-000586,0
BEN-000239,BEN-000770,0
BEN-000186,BEN-000936,0
BEN-000922,BEN-000979,0
BEN-000245,BEN-000695,0
BEN-000245,BEN-000416,0
BEN-000086,BEN-000478,0
BEN-000242,BEN-000606,0
BEN-000257,BEN-000920,0
BEN-000782,BEN-000962,0
BEN-000186,BEN-000628,0
BEN-000065,BEN-000587,0
BEN-000137,BEN-000924,0
BEN-000485,BEN-000821,0
BEN-000854,BEN-000871,0
BEN-000792,BEN-000793,0
BEN-000425,BEN-000518,0
BEN-000167,BEN-000789,0
BEN-000320,BEN-000873,0
BEN-000503,BEN-000889,0
BEN-000495,BEN-000547,0
BEN-000092,BEN-000851,0
BEN-000119,BEN-000208,0
BEN-000643,BEN-000663,1
BEN-000257,BEN-000884,0
BEN-000252,BEN-000941,0
BEN-000629,BEN-000870,0
BEN-000043,BEN-000205,0
BEN-000321,BEN-000591,0
BEN-000202,BEN-000489,0
BEN-000664,BEN-000871,0
BEN-000310,BEN-000700,0
BEN-000454,BEN-000771,0
BEN-000620,BEN-000995,0
BEN-000446,BEN-000491,0
BEN-000122,BEN-000901,0
BEN-000002,BEN-000981,0
BEN-000153,BEN-000341,0
BEN-000029,BEN-000289,0
BEN-000041,BEN-000970,0
BEN-000473,BEN-000842,0
BEN-000449,BEN-000851,0
BEN-000521,BEN-000601,0
BEN-000261,BEN-000408,0
BEN-000620,BEN-000969,0
BEN-000135,BEN-000886,1
BEN-000264,BEN-000609,0
BEN-000465,BEN-000664,0
BEN-000219,BEN-000295,0
BEN-000023,BEN-000960,0
BEN-000802,BEN-000961,0
BEN-000220,BEN-000462,0
BEN-000605,BEN-000910,0
BEN-000404,BEN-000916,0
BEN-000062,BEN-000440,0
BEN-000127,BEN-000648,0
BEN-000393,BEN-000868,0
BEN-000392,BEN-000413,0
BEN-000015,BEN-000184,0
BEN-000547,BEN-000638,0
BEN-000532,BEN-000841,1
BEN-000146,BEN-000563,0
BEN-000668,BEN-000712,0
BEN-000145,BEN-000388,0
BEN-000112,BEN-000146,0
BEN-000189,BEN-000334,0
BEN-000119,BEN-000733,0
BEN-000327,BEN-000504,0
BEN-000453,BEN-000627,0
BEN-000147,BEN-000460,0
BEN-000198,BEN-000678,0
BEN-000742,BEN-000773,0
BEN-000548,BEN-000685,0
BEN-000391,BEN-000739,0
BEN-000153,BEN-000917,0
BEN-000919,BEN-000950,0
BEN-000399,BEN-000406,0
BEN-000218,BEN-000464,0
BEN-000013,BEN-000648,0
BEN-000042,BEN-000063,0
BEN-000721,BEN-000775,0
BEN-000614,BEN-000940,1
BEN-000044,BEN-000869,0
BEN-000577,BEN-000995,0
BEN-000283,BEN-000454,0
BEN-000068,BEN-000850,0
BEN-000466,BEN-000712,0
BEN-000015,BEN-000688,0
BEN-000661,BEN-000696,0
BEN-000838,BEN-000947,0
BEN-000484,BEN-000857,0
BEN-000178,BEN-000440,0
BEN-000105,BEN-000859,0
BEN-000294,BEN-000393,0
BEN-000060,BEN-000082,0
BEN-000533,BEN-000645,0
BEN-000123,BEN-000589,0
BEN-000494,BEN-000865,0
BEN-000253,BEN-000621,0
BEN-000083,BEN-000412,0
BEN-000042,BEN-000192,0
BEN-000635,BEN-000982,0
BEN-000301,BEN-000358,0
BEN-000351,BEN-000741,0
BEN-000128,BEN-000677,0
BEN-000070,BEN-000747,0
BEN-000079,BEN-000706,0
BEN-000227,BEN-000664,0
BEN-000248,BEN-000250,0
BEN-000071,BEN-000161,0
BEN-000754,BEN-000932,0
BEN-000343,BEN-000677,0
BEN-000191,BEN-000544,0
BEN-000085,BEN-000188,0
BEN-000096,BEN-000206,0
BEN-000356,BEN-000840,0
BEN-000196,BEN-000631,0
BEN-000742,BEN-000973,0
BEN-000663,BEN-000956,1
BEN-000356,BEN-000635,0
BEN-000432,BEN-000502,0
BEN-000007,BEN-000869,0
BEN-000440,BEN-000964,0
BEN-000665,BEN-000969,0
BEN-000062,BEN-000614,0
BEN-000554,BEN-000882,0
BEN-000924,BEN-000951,0
BEN-000317,BEN-000660,0
BEN-000183,BEN-000873,0
BEN-000293,BEN-000916,0
BEN-000614,BEN-000672,1
BEN-000256,BEN-000659,0
BEN-000569,BEN-000979,0
BEN-000145,BEN-000849,0
BEN-000396,BEN-000886,0
BEN-000190,BEN-000707,0
BEN-000115,BEN-000663,0
BEN-000481,BEN-000511,0
BEN-000019,BEN-000033,0
BEN-000163,BEN-000368,0
BEN-000130,BEN-000664,0
BEN-000325,BEN-000944,0
BEN-000100,BEN-000484,0
BEN-000386,BEN-000745,0
BEN-000399,BEN-000919,0
BEN-000007,BEN-000373,0
BEN-000272,BEN-000541,0
BEN-000058,BEN-000176,0
BEN-000775,BEN-000825,0
BEN-000308,BEN-000650,0
BEN-000602,BEN-000702,0
BEN-000532,BEN-000885,1
BEN-000264,BEN-000999,0
BEN-000627,BEN-000712,0
BEN-000718,BEN-000845,0
BEN-000630,BEN-000880,0
BEN-000114,BEN-000362,0
BEN-000050,BEN-000342,0
BEN-000214,BEN-000285,0
BEN-000092,BEN-000714,0
BEN-000046,BEN-000400,0
BEN-000134,BEN-000606,0
BEN-000672,BEN-000940,1
BEN-000264,BEN-000998,0
BEN-000311,BEN-000757,0
BEN-000406,BEN-000601,0
BEN-000072,BEN-000644,0
BEN-000255,BEN-000706,0
BEN-000424,BEN-000870,0
BEN-000121,BEN-000294,0
BEN-000566,BEN-000914,0
BEN-000066,BEN-000138,0
BEN-000452,BEN-000496,0
BEN-000167,BEN-000651,0
BEN-000317,BEN-000551,0
BEN-000463,BEN-000572,0
BEN-000198,BEN-000654,0
BEN-000292,BEN-000577,0
BEN-000556,BEN-000940,0
BEN-000183,BEN-000818,0
BEN-000142,BEN-000974,0
BEN-000204,BEN-000910,0
BEN-000051,BEN-000429,0
BEN-000804,BEN-000900,0
BEN-000466,BEN-000668,0
BEN-000204,BEN-000318,0
BEN-000562,BEN-000712,0
BEN-000320,BEN-000604,0
BEN-000271,BEN-000809,0
BEN-000124,BEN-000710,0
BEN-000516,BEN-000975,0
BEN-000027,BEN-000852,1
BEN-000178,BEN-000940,0
BEN-000369,BEN-000626,0
BEN-000323,BEN-000931,0
BEN-000147,BEN-000445,0
BEN-000011,BEN-000843,0
BEN-000110,BEN-000295,0
BEN-000048,BEN-000062,0
BEN-000375,BEN-000978,0
BEN-000281,BEN-000966,0
BEN-000266,BEN-000741,0
BEN-000429,BEN-000531,0
BEN-000200,BEN-000682,0
BEN-000218,BEN-000274,0
BEN-000521,BEN-000838,0
BEN-000270,BEN-000488,0
BEN-000184,BEN-000731,0
BEN-000413,BEN-000596,0
BEN-000217,BEN-000458,0
BEN-000854,BEN-000944,0
BEN-000226,BEN-000997,1
BEN-000136,BEN-000866,0
BEN-000041,BEN-000581,0
BEN-000119,BEN-000853,0
BEN-000130,BEN-000139,0
BEN-000002,BEN-000185,0
BEN-000458,BEN-000703,0
BEN-000326,BEN-000387,0
BEN-000004,BEN-000086,0
BEN-000200,BEN-000522,0
BEN-000616,BEN-000834,0
BEN-000467,BEN-000494,0
BEN-000343,BEN-000679,0
BEN-000166,BEN-000759,0
BEN-000419,BEN-000856,0
BEN-000333,BEN-000433,0
BEN-000137,BEN-000761,0
BEN-000316,BEN-000565,0
BEN-000278,BEN-000640,0
BEN-000366,BEN-000835,0
BEN-000607,BEN-000646,0
BEN-000247,BEN-000272,0
BEN-000024,BEN-000344,0
BEN-000078,BEN-000160,0
BEN-000623,BEN-000762,0
BEN-000093,BEN-000859,0
BEN-000290,BEN-000821,0
BEN-000900,BEN-000947,0
BEN-000179,BEN-000746,0
BEN-000523,BEN-000539,0
BEN-000445,BEN-000748,0
BEN-000413,BEN-000539,0
BEN-000430,BEN-000801,0
BEN-000876,BEN-000927,0
BEN-000057,BEN-000845,0
BEN-000274,BEN-000364,0
BEN-000071,BEN-000618,0
BEN-000135,BEN-000999,0
BEN-000218,BEN-000901,0
BEN-000532,BEN-000587,0
BEN-000225,BEN-000945,0
BEN-000148,BEN-000963,0
BEN-000078,BEN-000512,0
BEN-000038,BEN-000371,0
BEN-000379,BEN-000882,0
BEN-000069,BEN-000301,0
BEN-000011,BEN-000157,0
BEN-000218,BEN-000236,0
BEN-000159,BEN-000967,0
BEN-000320,BEN-000593,0
BEN-000214,BEN-000298,0
BEN-000859,BEN-000971,0
BEN-000212,BEN-000542,0
BEN-000049,BEN-000281,0
BEN-000034,BEN-000638,0
BEN-000124,BEN-000786,0
BEN-000053,BEN-000651,0
BEN-000091,BEN-000363,0
BEN-000378,BEN-000484,0
BEN-000019,BEN-000226,0
BEN-000337,BEN-000764,0
BEN-000339,BEN-000403,0
BEN-000226,BEN-000900,0
BEN-000394,BEN-000413,0
BEN-000926,BEN-000997,0
BEN-000286,BEN-000546,0
BEN-000382,BEN-000524,0
BEN-000177,BEN-000502,0
BEN-000116,BEN-000269,0
BEN-000435,BEN-000582,0
BEN-000651,BEN-000789,0
BEN-000174,BEN-000701,0
BEN-000023,BEN-000674,0
BEN-000444,BEN-000993,0
BEN-000628,BEN-000889,0
BEN-000057,BEN-000591,0
BEN-000463,BEN-000531,0
BEN-000313,BEN-000533,0
BEN-000015,BEN-000695,0
BEN-000176,BEN-000434,0
BEN-000648,BEN-000740,0
BEN-000436,BEN-000879,0
BEN-000146,BEN-000705,0
BEN-000113,BEN-000857,0
BEN-000095,BEN-000328,0
BEN-000008,BEN-000017,0
BEN-000141,BEN-000329,0
BEN-000058,BEN-000577,1
BEN-000666,BEN-000966,0
BEN-000020,BEN-000680,0
BEN-000276,BEN-000960,0
BEN-000392,BEN-000569,0
BEN-000170,BEN-000907,0
BEN-000007,BEN-000027,1
BEN-000350,BEN-000603,0
BEN-000340,BEN-000632,0
BEN-000304,BEN-000686,0
BEN-000519,BEN-000593,0
BEN-000167,BEN-000760,0
BEN-000008,BEN-000858,0
BEN-000622,BEN-000907,0
BEN-000007,BEN-000852,1
BEN-000449,BEN-000749,0
BEN-000718,BEN-000909,0
BEN-000132,BEN-000633,0
BEN-000743,BEN-000761,0
BEN-000468,BEN-000811,0
BEN-000264,BEN-000739,0
BEN-000739,BEN-000851,0
BEN-000841,BEN-000885,1
BEN-000207,BEN-000912,0
BEN-000069,BEN-000171,0
BEN-000513,BEN-000664,0
BEN-000737,BEN-000756,1
BEN-000452,BEN-000620,0
BEN-000522,BEN-000721,0
BEN-000447,BEN-000997,0
BEN-000664,BEN-000854,0
BEN-000476,BEN-000747,0
BEN-000398,BEN-000909,0
BEN-000314,BEN-000677,0
BEN-000157,BEN-000897,0
BEN-000562,BEN-000668,0
BEN-000817,BEN-000982,0
BEN-000785,BEN-000896,0
BEN-000649,BEN-000696,0
BEN-000603,BEN-000720,0
BEN-000394,BEN-000973,0
BEN-000345,BEN-000368,0
BEN-000787,BEN-000907,0
BEN-000561,BEN-000816,0
BEN-000021,BEN-000400,0
BEN-000143,BEN-000689,0
BEN-000297,BEN-000338,0
BEN-000316,BEN-000484,0
BEN-000360,BEN-000393,0
BEN-000037,BEN-000743,0
BEN-000954,BEN-000956,0
BEN-000443,BEN-000888,0
BEN-000712,BEN-000830,0
BEN-000080,BEN-000551,0
BEN-000908,BEN-000982,0
BEN-000422,BEN-000673,1
BEN-000292,BEN-000521,0
BEN-000828,BEN-000951,0
BEN-000053,BEN-000924,0
BEN-000003,BEN-000597,0
BEN-000047,BEN-000936,0
BEN-000279,BEN-000461,0
BEN-000406,BEN-000508,0
BEN-000463,BEN-000533,0
BEN-000019,BEN-000578,0
BEN-000241,BEN-000638,0
BEN-000483,BEN-000556,0
BEN-000137,BEN-000232,1
BEN-000497,BEN-000754,0
BEN-000405,BEN-000411,0
BEN-000549,BEN-000994,0
BEN-000065,BEN-000351,0
BEN-000071,BEN-000080,0
BEN-000811,BEN-000895,0
BEN-000654,BEN-000724,0
BEN-000132,BEN-000632,0
BEN-000172,BEN-000343,0
BEN-000747,BEN-000783,0
BEN-000648,BEN-000822,0
BEN-000510,BEN-000886,0
BEN-000428,BEN-000499,0
BEN-000072,BEN-000884,0
BEN-000166,BEN-000602,0
BEN-000039,BEN-000400,0
BEN-000192,BEN-000379,0
BEN-000410,BEN-000673,0
BEN-000145,BEN-000339,0
BEN-000660,BEN-000684,0
BEN-000879,BEN-000986,0
BEN-000475,BEN-000950,0
BEN-000216,BEN-000432,0
BEN-000142,BEN-000427,0
BEN-000608,BEN-000765,0
BEN-000056,BEN-000306,0
BEN-000078,BEN-000353,0
BEN-000414,BEN-000970,0
BEN-000219,BEN-000256,0
BEN-000690,BEN-000749,0
BEN-000369,BEN-000748,0
BEN-000855,BEN-000945,0
BEN-000786,BEN-000901,0
BEN-000009,BEN-000423,0
BEN-000809,BEN-000907,0
BEN-000292,BEN-000709,0
BEN-000619,BEN-000762,0
BEN-000576,BEN-000747,0
BEN-000512,BEN-000623,0
BEN-000132,BEN-000731,0
BEN-000781,BEN-000828,0
BEN-000477,BEN-000500,0
BEN-000687,BEN-000819,0
BEN-000097,BEN-000232,0
BEN-000507,BEN-000939,0
BEN-000244,BEN-000778,0
BEN-000081,BEN-000529,0
BEN-000540,BEN-000860,0
BEN-000033,BEN-000578,0
BEN-000114,BEN-000476,0
BEN-000643,BEN-000760,0
BEN-000336,BEN-000590,0
BEN-000132,BEN-000681,0
BEN-000287,BEN-000805,0
BEN-000583,BEN-000982,0
BEN-000850,BEN-000983,0
BEN-000100,BEN-000844,0
BEN-000334,BEN-000602,0
BEN-000571,BEN-000770,0
BEN-000038,BEN-000628,0
BEN-000187,BEN-000705,0
BEN-000425,BEN-000970,0
BEN-000755,BEN-000851,0
BEN-000468,BEN-000974,0
BEN-000580,BEN-000994,0
BEN-000335,BEN-000739,0
BEN-000474,BEN-000675,0
BEN-000505,BEN-000857,0
BEN-000261,BEN-000654,0
BEN-000044,BEN-000642,0
BEN-000724,BEN-000944,0
BEN-000030,BEN-000331,0
BEN-000179,BEN-000182,0
BEN-000725,BEN-000729,0
BEN-000171,BEN-000810,0
BEN-000829,BEN-000906,0
BEN-000389,BEN-000435,0
BEN-000197,BEN-000232,0
BEN-000017,BEN-000227,0
BEN-000013,BEN-000443,0
BEN-000226,BEN-000661,0
BEN-000892,BEN-000917,0
BEN-000130,BEN-000914,0
BEN-000693,BEN-000977,0
BEN-000582,BEN-000965,0
BEN-000074,BEN-000365,0
BEN-000343,BEN-000510,0
BEN-000204,BEN-000681,0
BEN-000316,BEN-000826,0
BEN-000165,BEN-000532,0
BEN-000646,BEN-000904,0
BEN-000778,BEN-000915,0
BEN-000082,BEN-000392,0
BEN-000393,BEN-000472,0
BEN-000227,BEN-000597,0
BEN-000337,BEN-000761,0
BEN-000308,BEN-000987,0
BEN-000428,BEN-000456,0
BEN-000553,BEN-000783,0
BEN-000914,BEN-000923,0
BEN-000329,BEN-000673,0
BEN-000335,BEN-000421,0
BEN-000404,BEN-000856,0
BEN-000640,BEN-000677,0
BEN-000178,BEN-000216,0
BEN-000094,BEN-000884,0
BEN-000482,BEN-000603,0
BEN-000064,BEN-000690,0
BEN-000045,BEN-000994,0
BEN-000148,BEN-000203,0
BEN-000140,BEN-000387,0
BEN-000502,BEN-000842,0
BEN-000596,BEN-000959,0
BEN-000267,BEN-000776,0
BEN-000293,BEN-000928,0
BEN-000205,BEN-000568,0
BEN-000317,BEN-000321,0
BEN-000018,BEN-000716,0
BEN-000760,BEN-000789,0
BEN-000662,BEN-000862,0
BEN-000368,BEN-000797,0
BEN-000077,BEN-000355,0
BEN-000671,BEN-000998,0
BEN-000684,BEN-000888,0
BEN-000188,BEN-000821,0
BEN-000805,BEN-000813,0
BEN-000270,BEN-000854,0
BEN-000720,BEN-000893,0
BEN-000189,BEN-000363,0
BEN-000762,BEN-000767,0
BEN-000180,BEN-000378,0
BEN-000452,BEN-000930,0
BEN-000006,BEN-000979,0
BEN-000233,BEN-000560,0
BEN-000014,BEN-000873,0
BEN-000058,BEN-000491,1
BEN-000887,BEN-000945,0
BEN-000055,BEN-000711,0
BEN-000878,BEN-000913,0
BEN-000966,BEN-000989,0
BEN-000191,BEN-000702,0
BEN-000536,BEN-000800,0
BEN-000171,BEN-000760,0
BEN-000184,BEN-000999,0
BEN-000340,BEN-000930,0
BEN-000480,BEN-000772,0
BEN-000592,BEN-000797,0
BEN-000469,BEN-000588,0
BEN-000239,BEN-000816,0
BEN-000123,BEN-000989,0
BEN-000191,BEN-000732,0
BEN-000240,BEN-000822,0
BEN-000618,BEN-000748,0
BEN-000398,BEN-000686,0
BEN-000030,BEN-000738,0
BEN-000260,BEN-000958,0
BEN-000068,BEN-000908,0
BEN-000451,BEN-000729,0
BEN-000012,BEN-000275,0
BEN-000646,BEN-000656,0
BEN-000072,BEN-000526,0
BEN-000577,BEN-000805,0
BEN-000748,BEN-000857,0
BEN-000171,BEN-000789,0
BEN-000240,BEN-000264,0
BEN-000399,BEN-000910,0
BEN-000236,BEN-000271,0
BEN-000799,BEN-000810,0
BEN-000524,BEN-000911,0
BEN-000121,BEN-000983,0
BEN-000163,BEN-000746,0
BEN-000314,BEN-000964,0
BEN-000185,BEN-000565,0
BEN-000252,BEN-000790,0
BEN-000389,BEN-000582,0
BEN-000004,BEN-000788,0
BEN-000322,BEN-000835,0
BEN-000387,BEN-000825,0
BEN-000518,BEN-000591,0
BEN-000580,BEN-000601,0
BEN-000584,BEN-000601,0
BEN-000893,BEN-000942,0
BEN-000570,BEN-000721,0
BEN-000056,BEN-000111,0
BEN-000162,BEN-000466,0
BEN-000142,BEN-000489,0
BEN-000092,BEN-000768,0
BEN-000243,BEN-000433,0
BEN-000655,BEN-000831,0
BEN-000028,BEN-000514,0
BEN-000283,BEN-000470,0
BEN-000256,BEN-000980,0
BEN-000065,BEN-000804,0
BEN-000494,BEN-000993,0
BEN-000190,BEN-000794,0
BEN-000032,BEN-000790,0
BEN-000428,BEN-000826,0
BEN-000382,BEN-000484,0
BEN-000113,BEN-000715,0
BEN-000489,BEN-000918,0
BEN-000020,BEN-000970,0
BEN-000580,BEN-000703,0
BEN-000211,BEN-000886,0
BEN-000045,BEN-000167,0
BEN-000164,BEN-000688,0
BEN-000795,BEN-000922,0
BEN-000647,BEN-000771,0
BEN-000478,BEN-000777,0
BEN-000317,BEN-000878,0
BEN-000054,BEN-000145,0
BEN-000545,BEN-000905,0
BEN-000401,BEN-000722,0
BEN-000133,BEN-000671,0
BEN-000686,BEN-000859,0
BEN-000308,BEN-000860,0
BEN-000548,BEN-000674,0
BEN-000362,BEN-000826,0
BEN-000787,BEN-000842,0
BEN-000381,BEN-000427,0
BEN-000068,BEN-000359,0
BEN-000250,BEN-000829,0
BEN-000499,BEN-000990,0
