application_id,anomaly_type,explanation
APP-0001431,APPROVED_WITHOUT_ENROLLMENT,Planted ghost claim approved and paid despite NOT_FOUND enrollment.
APP-0000725,APPROVED_WITHOUT_ENROLLMENT,Planted ghost claim approved and paid despite NOT_FOUND enrollment.
APP-0000779,APPROVED_WITHOUT_ENROLLMENT,Planted ghost claim approved and paid despite NOT_FOUND enrollment.
APP-0001223,APPROVED_WITHOUT_ENROLLMENT,Planted ghost claim approved and paid despite NOT_FOUND enrollment.
APP-0001295,APPROVED_WITHOUT_ENROLLMENT,Planted ghost claim approved and paid despite NOT_FOUND enrollment.
APP-0000744,APPROVED_WITHOUT_ENROLLMENT,Planted ghost claim approved and paid despite NOT_FOUND enrollment.
APP-0000716,APPROVED_WITHOUT_ENROLLMENT,Planted ghost claim approved and paid despite NOT_FOUND enrollment.
APP-0001045,APPROVED_WITHOUT_ENROLLMENT,Planted ghost claim approved and paid despite NOT_FOUND enrollment.
APP-0000164,APPROVED_WITHOUT_ENROLLMENT,Planted ghost claim approved and paid despite NOT_FOUND enrollment.
APP-0000180,APPROVED_WITHOUT_ENROLLMENT,Planted ghost claim approved and paid despite NOT_FOUND enrollment.
APP-0000807,APPROVED_WITHOUT_ENROLLMENT,Planted ghost claim approved and paid despite NOT_FOUND enrollment.
APP-0000087,APPROVED_WITHOUT_ENROLLMENT,Planted ghost claim approved and paid despite NOT_FOUND enrollment.
APP-0000232,APPROVED_WITHOUT_ENROLLMENT,Planted ghost claim approved and paid despite NOT_FOUND enrollment.
