record_id,fraud_ring_id,scenario_type
BEN-000347,CL-017,COMMON_COLLECTION_ACCOUNT
BEN-000994,RING-0014,COMMON_COLLECTION_ACCOUNT
BEN-000437,CL-017,IDENTITY_CLONING
BEN-000387,RING-0010,INCOMPATIBLE_SCHEME_CLAIMS
BEN-000956,RING-0003,IDENTITY_CLONING
BEN-000885,RING-0007,IDENTITY_CLONING
BEN-000809,RING-0013,GHOST_IDENTITY
BEN-000226,CL-017,IDENTITY_CLONING
BEN-000226,CL-017,COMMON_COLLECTION_ACCOUNT
BEN-000951,RING-0019,BATCH_FABRICATION
BEN-000859,RING-0008,SHARED_PAYOUT_ACCOUNT
BEN-000864,RING-0009,SHARED_PAYOUT_ACCOUNT
BEN-000997,CL-017,COMMON_COLLECTION_ACCOUNT
BEN-000516,RING-0010,INCOMPATIBLE_SCHEME_CLAIMS
BEN-000629,RING-0009,SHARED_PAYOUT_ACCOUNT
BEN-000320,RING-0009,SHARED_PAYOUT_ACCOUNT
BEN-000663,RING-0003,IDENTITY_CLONING
BEN-000029,RING-0016,CIRCULAR_TRANSFERS
BEN-000566,RING-0009,SHARED_PAYOUT_ACCOUNT
BEN-000395,CL-017,COMMON_COLLECTION_ACCOUNT
BEN-000673,CL-017,INCOMPATIBLE_SCHEME_CLAIMS
BEN-000756,CL-017,SHARED_PAYOUT_ACCOUNT
BEN-000226,CL-017,SHARED_PAYOUT_ACCOUNT
BEN-000437,CL-017,CIRCULAR_TRANSFERS
BEN-000852,RING-0005,IDENTITY_CLONING
BEN-000422,CL-017,INCOMPATIBLE_SCHEME_CLAIMS
BEN-000737,CL-017,SHARED_PAYOUT_ACCOUNT
BEN-000737,CL-017,COMMON_COLLECTION_ACCOUNT
BEN-000724,RING-0014,COMMON_COLLECTION_ACCOUNT
BEN-000310,RING-0012,GHOST_IDENTITY
BEN-000097,RING-0017,CIRCULAR_TRANSFERS
BEN-000605,CL-017,SHARED_PAYOUT_ACCOUNT
BEN-000546,RING-0019,BATCH_FABRICATION
BEN-000605,CL-017,IDENTITY_CLONING
BEN-000137,CL-017,IDENTITY_CLONING
BEN-000482,RING-0008,SHARED_PAYOUT_ACCOUNT
BEN-000137,CL-017,INCOMPATIBLE_SCHEME_CLAIMS
BEN-000605,CL-017,INCOMPATIBLE_SCHEME_CLAIMS
BEN-000670,RING-0012,GHOST_IDENTITY
BEN-000347,CL-017,CIRCULAR_TRANSFERS
BEN-000280,RING-0010,INCOMPATIBLE_SCHEME_CLAIMS
BEN-000997,CL-017,CIRCULAR_TRANSFERS
BEN-000429,RING-0016,CIRCULAR_TRANSFERS
BEN-000586,RING-0018,BATCH_FABRICATION
BEN-000756,CL-017,IDENTITY_CLONING
BEN-000032,RING-0009,SHARED_PAYOUT_ACCOUNT
BEN-000283,RING-0011,INCOMPATIBLE_SCHEME_CLAIMS
BEN-000554,RING-0011,INCOMPATIBLE_SCHEME_CLAIMS
BEN-000230,CL-017,INCOMPATIBLE_SCHEME_CLAIMS
BEN-000756,CL-017,INCOMPATIBLE_SCHEME_CLAIMS
BEN-000232,CL-017,CIRCULAR_TRANSFERS
BEN-000509,RING-0019,BATCH_FABRICATION
BEN-000737,CL-017,IDENTITY_CLONING
BEN-000453,RING-0009,SHARED_PAYOUT_ACCOUNT
BEN-000422,CL-017,CIRCULAR_TRANSFERS
BEN-000422,CL-017,SHARED_PAYOUT_ACCOUNT
BEN-000330,RING-0015,COMMON_COLLECTION_ACCOUNT
BEN-000347,CL-017,IDENTITY_CLONING
BEN-000398,CL-017,CIRCULAR_TRANSFERS
BEN-000437,CL-017,INCOMPATIBLE_SCHEME_CLAIMS
BEN-000975,RING-0013,GHOST_IDENTITY
BEN-000037,RING-0009,SHARED_PAYOUT_ACCOUNT
BEN-000525,RING-0017,CIRCULAR_TRANSFERS
BEN-000086,CL-017,IDENTITY_CLONING
BEN-000347,CL-017,INCOMPATIBLE_SCHEME_CLAIMS
BEN-000643,RING-0003,IDENTITY_CLONING
BEN-000135,RING-0006,IDENTITY_CLONING
BEN-000232,CL-017,SHARED_PAYOUT_ACCOUNT
BEN-000626,RING-0014,COMMON_COLLECTION_ACCOUNT
BEN-000058,RING-0004,IDENTITY_CLONING
BEN-000022,RING-0014,COMMON_COLLECTION_ACCOUNT
BEN-000395,CL-017,SHARED_PAYOUT_ACCOUNT
BEN-000382,RING-0014,COMMON_COLLECTION_ACCOUNT
BEN-000646,RING-0018,BATCH_FABRICATION
BEN-000398,CL-017,SHARED_PAYOUT_ACCOUNT
BEN-000078,RING-0019,BATCH_FABRICATION
BEN-000086,CL-017,COMMON_COLLECTION_ACCOUNT
BEN-000241,RING-0010,INCOMPATIBLE_SCHEME_CLAIMS
BEN-000506,RING-0015,COMMON_COLLECTION_ACCOUNT
BEN-000196,RING-0012,GHOST_IDENTITY
BEN-000247,RING-0016,CIRCULAR_TRANSFERS
BEN-000921,RING-0012,GHOST_IDENTITY
BEN-000230,CL-017,COMMON_COLLECTION_ACCOUNT
BEN-000075,RING-0013,GHOST_IDENTITY
BEN-000395,CL-017,CIRCULAR_TRANSFERS
BEN-000137,CL-017,CIRCULAR_TRANSFERS
BEN-000673,CL-017,COMMON_COLLECTION_ACCOUNT
BEN-000737,CL-017,CIRCULAR_TRANSFERS
BEN-000843,RING-0012,GHOST_IDENTITY
BEN-000230,CL-017,SHARED_PAYOUT_ACCOUNT
BEN-000997,CL-017,IDENTITY_CLONING
BEN-000491,RING-0004,IDENTITY_CLONING
BEN-000756,CL-017,CIRCULAR_TRANSFERS
BEN-000756,CL-017,COMMON_COLLECTION_ACCOUNT
BEN-000010,RING-0008,SHARED_PAYOUT_ACCOUNT
BEN-000086,CL-017,SHARED_PAYOUT_ACCOUNT
BEN-000042,CL-017,IDENTITY_CLONING
BEN-000574,RING-0018,BATCH_FABRICATION
BEN-000226,CL-017,INCOMPATIBLE_SCHEME_CLAIMS
BEN-000422,CL-017,COMMON_COLLECTION_ACCOUNT
BEN-000197,RING-0019,BATCH_FABRICATION
BEN-000398,CL-017,IDENTITY_CLONING
BEN-000817,RING-0014,COMMON_COLLECTION_ACCOUNT
BEN-000997,CL-017,SHARED_PAYOUT_ACCOUNT
BEN-000187,RING-0016,CIRCULAR_TRANSFERS
BEN-000042,CL-017,CIRCULAR_TRANSFERS
BEN-000371,RING-0013,GHOST_IDENTITY
BEN-000837,RING-0015,COMMON_COLLECTION_ACCOUNT
BEN-000395,CL-017,INCOMPATIBLE_SCHEME_CLAIMS
BEN-000841,RING-0007,IDENTITY_CLONING
BEN-000806,RING-0009,SHARED_PAYOUT_ACCOUNT
BEN-000398,CL-017,INCOMPATIBLE_SCHEME_CLAIMS
BEN-000656,RING-0015,COMMON_COLLECTION_ACCOUNT
BEN-000224,RING-0008,SHARED_PAYOUT_ACCOUNT
BEN-000362,RING-0019,BATCH_FABRICATION
BEN-000878,RING-0008,SHARED_PAYOUT_ACCOUNT
BEN-000230,CL-017,CIRCULAR_TRANSFERS
BEN-000605,CL-017,COMMON_COLLECTION_ACCOUNT
BEN-000226,CL-017,CIRCULAR_TRANSFERS
BEN-000415,RING-0017,CIRCULAR_TRANSFERS
BEN-000436,RING-0006,IDENTITY_CLONING
BEN-000992,RING-0008,SHARED_PAYOUT_ACCOUNT
BEN-000296,RING-0014,COMMON_COLLECTION_ACCOUNT
BEN-000747,RING-0018,BATCH_FABRICATION
BEN-000997,CL-017,INCOMPATIBLE_SCHEME_CLAIMS
BEN-000183,RING-0013,GHOST_IDENTITY
BEN-000673,CL-017,IDENTITY_CLONING
BEN-000230,CL-017,IDENTITY_CLONING
BEN-000803,RING-0009,SHARED_PAYOUT_ACCOUNT
BEN-000028,RING-0018,BATCH_FABRICATION
BEN-000086,CL-017,CIRCULAR_TRANSFERS
BEN-000437,CL-017,SHARED_PAYOUT_ACCOUNT
BEN-000993,RING-0011,INCOMPATIBLE_SCHEME_CLAIMS
BEN-000363,RING-0018,BATCH_FABRICATION
BEN-000777,RING-0008,SHARED_PAYOUT_ACCOUNT
BEN-000232,CL-017,IDENTITY_CLONING
BEN-000042,CL-017,INCOMPATIBLE_SCHEME_CLAIMS
BEN-000585,RING-0015,COMMON_COLLECTION_ACCOUNT
BEN-000353,RING-0012,GHOST_IDENTITY
BEN-000614,RING-0002,IDENTITY_CLONING
BEN-000232,CL-017,COMMON_COLLECTION_ACCOUNT
BEN-000042,CL-017,COMMON_COLLECTION_ACCOUNT
BEN-000221,RING-0014,COMMON_COLLECTION_ACCOUNT
BEN-000577,RING-0004,IDENTITY_CLONING
BEN-000137,CL-017,SHARED_PAYOUT_ACCOUNT
BEN-000923,RING-0019,BATCH_FABRICATION
BEN-000693,RING-0018,BATCH_FABRICATION
BEN-000713,RING-0008,SHARED_PAYOUT_ACCOUNT
BEN-000940,RING-0002,IDENTITY_CLONING
BEN-000917,RING-0010,INCOMPATIBLE_SCHEME_CLAIMS
BEN-000105,RING-0013,GHOST_IDENTITY
BEN-000587,RING-0015,COMMON_COLLECTION_ACCOUNT
BEN-000447,RING-0013,GHOST_IDENTITY
BEN-000246,RING-0018,BATCH_FABRICATION
BEN-000737,CL-017,INCOMPATIBLE_SCHEME_CLAIMS
BEN-000007,RING-0005,IDENTITY_CLONING
BEN-000282,RING-0013,GHOST_IDENTITY
BEN-000347,CL-017,SHARED_PAYOUT_ACCOUNT
BEN-000232,CL-017,INCOMPATIBLE_SCHEME_CLAIMS
BEN-000317,RING-0019,BATCH_FABRICATION
BEN-000086,CL-017,INCOMPATIBLE_SCHEME_CLAIMS
BEN-000225,RING-0012,GHOST_IDENTITY
BEN-000398,CL-017,COMMON_COLLECTION_ACCOUNT
BEN-000580,RING-0009,SHARED_PAYOUT_ACCOUNT
BEN-000137,CL-017,COMMON_COLLECTION_ACCOUNT
BEN-000672,RING-0002,IDENTITY_CLONING
BEN-000886,RING-0006,IDENTITY_CLONING
BEN-000422,CL-017,IDENTITY_CLONING
BEN-000742,RING-0018,BATCH_FABRICATION
BEN-000437,CL-017,COMMON_COLLECTION_ACCOUNT
BEN-000490,RING-0019,BATCH_FABRICATION
BEN-000673,CL-017,CIRCULAR_TRANSFERS
BEN-000063,RING-0018,BATCH_FABRICATION
BEN-000780,RING-0019,BATCH_FABRICATION
BEN-000701,RING-0008,SHARED_PAYOUT_ACCOUNT
BEN-000395,CL-017,IDENTITY_CLONING
BEN-000465,RING-0011,INCOMPATIBLE_SCHEME_CLAIMS
BEN-000673,CL-017,SHARED_PAYOUT_ACCOUNT
BEN-000603,RING-0008,SHARED_PAYOUT_ACCOUNT
BEN-000406,RING-0017,CIRCULAR_TRANSFERS
BEN-000902,RING-0015,COMMON_COLLECTION_ACCOUNT
BEN-000027,RING-0005,IDENTITY_CLONING
BEN-000605,CL-017,CIRCULAR_TRANSFERS
BEN-000532,RING-0007,IDENTITY_CLONING
BEN-000042,CL-017,SHARED_PAYOUT_ACCOUNT
BEN-000440,RING-0011,INCOMPATIBLE_SCHEME_CLAIMS
BEN-000544,RING-0015,COMMON_COLLECTION_ACCOUNT
BEN-000005,RING-0012,GHOST_IDENTITY
