beneficiary_id,bank_account_id,relationship,authorization_date
BEN-006915,ACC-022577,GUARDIAN,2023-07-05
BEN-007155,ACC-006699,GUARDIAN,2023-06-06
BEN-005382,ACC-000094,GUARDIAN,2024-06-08
BEN-006471,ACC-023258,GUARDIAN,2023-06-08
BEN-008664,ACC-029161,GUARDIAN,2025-06-13
BEN-009798,ACC-011212,GUARDIAN,2024-06-21
BEN-002106,ACC-008371,GUARDIAN,2023-06-23
BEN-006950,ACC-003319,GUARDIAN,2023-07-03
BEN-007914,ACC-000983,GUARDIAN,2023-06-03
BEN-008295,ACC-005349,GUARDIAN,2025-06-27
BEN-003900,ACC-021628,GUARDIAN,2024-06-10
BEN-005969,ACC-018516,GUARDIAN,2024-06-30
BEN-006117,ACC-017197,GUARDIAN,2024-06-25
BEN-003641,ACC-026337,GUARDIAN,2023-06-23
BEN-005616,ACC-019304,GUARDIAN,2023-06-09
BEN-000919,ACC-016138,GUARDIAN,2023-06-10
BEN-009253,ACC-007021,GUARDIAN,2025-06-29
BEN-002947,ACC-008754,GUARDIAN,2024-06-16
BEN-004309,ACC-002817,GUARDIAN,2024-06-29
BEN-006200,ACC-017585,GUARDIAN,2023-07-02
BEN-008963,ACC-017585,GUARDIAN,2024-06-04
BEN-004506,ACC-016138,GUARDIAN,2025-07-03
BEN-008412,ACC-018516,GUARDIAN,2024-07-05
BEN-002560,ACC-019304,GUARDIAN,2024-06-14
BEN-000069,ACC-006699,GUARDIAN,2024-07-02
BEN-002343,ACC-025379,GUARDIAN,2025-06-14
BEN-001669,ACC-023258,GUARDIAN,2023-07-02
BEN-005954,ACC-008754,GUARDIAN,2024-06-19
BEN-002396,ACC-026537,GUARDIAN,2025-06-27
BEN-009966,ACC-008574,GUARDIAN,2024-06-25
BEN-009461,ACC-020172,GUARDIAN,2025-06-21
BEN-007202,ACC-007021,GUARDIAN,2023-07-04
BEN-003550,ACC-003319,GUARDIAN,2023-06-09
BEN-009888,ACC-025039,GUARDIAN,2024-06-10
BEN-003246,ACC-028313,GUARDIAN,2024-06-04
BEN-008725,ACC-014548,GUARDIAN,2023-06-16
BEN-005436,ACC-026482,GUARDIAN,2023-06-04
BEN-007505,ACC-020172,GUARDIAN,2023-07-01
BEN-006485,ACC-028313,GUARDIAN,2024-06-11
BEN-006161,ACC-017197,GUARDIAN,2024-07-02
BEN-004429,ACC-000094,GUARDIAN,2023-07-03
BEN-007958,ACC-002817,GUARDIAN,2024-06-16
BEN-008600,ACC-005349,GUARDIAN,2024-06-20
BEN-002888,ACC-025039,GUARDIAN,2023-06-18
BEN-004928,ACC-000983,GUARDIAN,2023-07-05
BEN-009651,ACC-026537,GUARDIAN,2023-07-03
BEN-007523,ACC-014259,GUARDIAN,2024-06-26
BEN-001727,ACC-026482,GUARDIAN,2023-06-07
BEN-001221,ACC-014259,GUARDIAN,2024-06-27
BEN-003637,ACC-008574,GUARDIAN,2024-06-08
BEN-004782,ACC-025379,GUARDIAN,2023-06-16
BEN-009418,ACC-008371,GUARDIAN,2023-06-11
BEN-005428,ACC-011212,GUARDIAN,2023-06-28
BEN-002277,ACC-009772,GUARDIAN,2023-06-09
BEN-001958,ACC-009772,GUARDIAN,2023-06-24
BEN-005414,ACC-022577,GUARDIAN,2024-06-26
BEN-004349,ACC-021628,GUARDIAN,2023-06-05
BEN-003382,ACC-029161,GUARDIAN,2024-06-27
BEN-004113,ACC-026337,GUARDIAN,2023-06-29
BEN-006937,ACC-014548,GUARDIAN,2024-06-19
