id,beneficiary_id,scheme,amount
"APP-001","BEN-001","Post-Matric Merit Scholarship","45000"
"APP-002","BEN-002","Post-Matric Merit Scholarship","45000"
"APP-003","BEN-003","Post-Matric Merit Scholarship","45000"
"APP-004","BEN-004","Post-Matric Merit Scholarship","45000"
"APP-005","BEN-005","Post-Matric Merit Scholarship","45000"
"APP-006","BEN-006","Post-Matric Merit Scholarship","45000"
"APP-007","BEN-007","Post-Matric Merit Scholarship","45000"
"APP-008","BEN-008","Post-Matric Merit Scholarship","45000"
"APP-009","BEN-009","Post-Matric Merit Scholarship","45000"
"APP-010","BEN-010","Post-Matric Merit Scholarship","45000"
"APP-011","BEN-011","Post-Matric Merit Scholarship","45000"
"APP-012","BEN-012","Post-Matric Merit Scholarship","45000"
"APP-013","BEN-013","Post-Matric Merit Scholarship","45000"
"APP-014","BEN-014","Post-Matric Merit Scholarship","45000"
"APP-015","BEN-015","Post-Matric Merit Scholarship","45000"
"APP-016","BEN-016","Post-Matric Merit Scholarship","45000"
"APP-017","BEN-017","Post-Matric Merit Scholarship","36000"
"APP-018","BEN-018","Post-Matric Merit Scholarship","36000"
"APP-019","BEN-019","Post-Matric Merit Scholarship","36000"
"APP-020","BEN-020","Post-Matric Merit Scholarship","36000"
"APP-021","BEN-021","Post-Matric Merit Scholarship","36000"
"APP-022","BEN-022","Post-Matric Merit Scholarship","36000"
"APP-023","BEN-023","Post-Matric Merit Scholarship","36000"
"APP-024","BEN-024","Post-Matric Merit Scholarship","36000"
"APP-025","BEN-025","Higher Education Assistance","36000"
"APP-026","BEN-026","Higher Education Assistance","36000"
"APP-027","BEN-027","Higher Education Assistance","36000"
"APP-028","BEN-028","Higher Education Assistance","36000"
"APP-029","BEN-029","Higher Education Assistance","36000"
"APP-030","BEN-030","Higher Education Assistance","36000"
"APP-031","BEN-031","Higher Education Assistance","36000"
"APP-032","BEN-032","Higher Education Assistance","36000"