id,name,district,institution,scheme,account
"BEN-001","Aarav Deshmukh","Pune","Deccan Institute of Technology (Fictional)","Post-Matric Merit Scholarship","AC-1"
"BEN-002","Ananya Patil","Pune","Deccan Institute of Technology (Fictional)","Post-Matric Merit Scholarship","AC-2"
"BEN-003","Rohan Kulkarni","Pune","Deccan Institute of Technology (Fictional)","Post-Matric Merit Scholarship","AC-3"
"BEN-004","Ishita Joshi","Pune","Deccan Institute of Technology (Fictional)","Post-Matric Merit Scholarship","AC-1"
"BEN-005","Aditya Pawar","Pune","Deccan Institute of Technology (Fictional)","Post-Matric Merit Scholarship","AC-2"
"BEN-006","Sai Deshmukh","Pune","Deccan Institute of Technology (Fictional)","Post-Matric Merit Scholarship","AC-3"
"BEN-007","Priya Shinde","Pune","Deccan Institute of Technology (Fictional)","Post-Matric Merit Scholarship","AC-1"
"BEN-008","Omkar Jadhav","Pune","Deccan Institute of Technology (Fictional)","Post-Matric Merit Scholarship","AC-2"
"BEN-009","Sneha More","Pune","Deccan Institute of Technology (Fictional)","Post-Matric Merit Scholarship","AC-3"
"BEN-010","Atharva Patil","Pune","Deccan Institute of Technology (Fictional)","Post-Matric Merit Scholarship","AC-1"
"BEN-011","Meera Kale","Pune","Deccan Institute of Technology (Fictional)","Post-Matric Merit Scholarship","AC-2"
"BEN-012","Vedant Joshi","Pune","Deccan Institute of Technology (Fictional)","Post-Matric Merit Scholarship","AC-3"
"BEN-013","Aditi Chavan","Pune","Deccan Institute of Technology (Fictional)","Post-Matric Merit Scholarship","AC-1"
"BEN-014","Soham Shinde","Pune","Deccan Institute of Technology (Fictional)","Post-Matric Merit Scholarship","AC-2"
"BEN-015","Tanvi Kulkarni","Pune","Deccan Institute of Technology (Fictional)","Post-Matric Merit Scholarship","AC-3"
"BEN-016","Rohit Deshmukh","Pune","Deccan Institute of Technology (Fictional)","Post-Matric Merit Scholarship","AC-1"
"BEN-017","Neha Sawant","Nashik","Sahyadri Arts & Science College (Fictional)","Post-Matric Merit Scholarship","AC-17"
"BEN-018","Nikhil Bhosale","Nashik","Sahyadri Arts & Science College (Fictional)","Post-Matric Merit Scholarship","AC-18"
"BEN-019","Sakshi Naik","Nashik","Sahyadri Arts & Science College (Fictional)","Post-Matric Merit Scholarship","AC-19"
"BEN-020","Arjun Kadam","Nashik","Sahyadri Arts & Science College (Fictional)","Post-Matric Merit Scholarship","AC-20"
"BEN-021","Riya Jagtap","Nagpur","Sahyadri Arts & Science College (Fictional)","Post-Matric Merit Scholarship","AC-21"
"BEN-022","Yash Mali","Nagpur","Sahyadri Arts & Science College (Fictional)","Post-Matric Merit Scholarship","AC-22"
"BEN-023","Pooja Gaikwad","Nagpur","Sahyadri Arts & Science College (Fictional)","Post-Matric Merit Scholarship","AC-23"
"BEN-024","Dhruv Patil","Nagpur","Sahyadri Arts & Science College (Fictional)","Post-Matric Merit Scholarship","AC-24"
"BEN-025","Isha Mane","Mumbai","Sahyadri Arts & Science College (Fictional)","Higher Education Assistance","AC-25"
"BEN-026","Sahil More","Mumbai","Sahyadri Arts & Science College (Fictional)","Higher Education Assistance","AC-26"
"BEN-027","Gauri Shinde","Mumbai","Sahyadri Arts & Science College (Fictional)","Higher Education Assistance","AC-27"
"BEN-028","Aniket Kale","Mumbai","Sahyadri Arts & Science College (Fictional)","Higher Education Assistance","AC-28"
"BEN-029","Shruti Pawar","Satara","Sahyadri Arts & Science College (Fictional)","Higher Education Assistance","AC-29"
"BEN-030","Pranav Joshi","Satara","Sahyadri Arts & Science College (Fictional)","Higher Education Assistance","AC-30"
"BEN-031","Maya Patil","Satara","Sahyadri Arts & Science College (Fictional)","Higher Education Assistance","AC-31"
"BEN-032","Kunal Jadhav","Satara","Sahyadri Arts & Science College (Fictional)","Higher Education Assistance","AC-32"