id,source,target,amount,date
"TX-0001","SCHEME-01","AC-1","15000","2024-08-15"
"TX-0002","SCHEME-01","AC-1","15000","2024-09-15"
"TX-0003","SCHEME-01","AC-1","15000","2024-10-15"
"TX-0004","SCHEME-01","AC-2","15000","2024-08-15"
"TX-0005","SCHEME-01","AC-2","15000","2024-09-15"
"TX-0006","SCHEME-01","AC-2","15000","2024-10-15"
"TX-0007","SCHEME-01","AC-3","15000","2024-08-15"
"TX-0008","SCHEME-01","AC-3","15000","2024-09-15"
"TX-0009","SCHEME-01","AC-3","15000","2024-10-15"
"TX-0010","SCHEME-01","AC-1","15000","2024-08-15"
"TX-0011","SCHEME-01","AC-1","15000","2024-09-15"
"TX-0012","SCHEME-01","AC-1","15000","2024-10-15"
"TX-0013","SCHEME-01","AC-2","15000","2024-08-15"
"TX-0014","SCHEME-01","AC-2","15000","2024-09-15"
"TX-0015","SCHEME-01","AC-2","15000","2024-10-15"
"TX-0016","SCHEME-01","AC-3","15000","2024-08-15"
"TX-0017","SCHEME-01","AC-3","15000","2024-09-15"
"TX-0018","SCHEME-01","AC-3","15000","2024-10-15"
"TX-0019","SCHEME-01","AC-1","15000","2024-08-15"
"TX-0020","SCHEME-01","AC-1","15000","2024-09-15"
"TX-0021","SCHEME-01","AC-1","15000","2024-10-15"
"TX-0022","SCHEME-01","AC-2","15000","2024-08-15"
"TX-0023","SCHEME-01","AC-2","15000","2024-09-15"
"TX-0024","SCHEME-01","AC-2","15000","2024-10-15"
"TX-0025","SCHEME-01","AC-3","15000","2024-08-15"
"TX-0026","SCHEME-01","AC-3","15000","2024-09-15"
"TX-0027","SCHEME-01","AC-3","15000","2024-10-15"
"TX-0028","SCHEME-01","AC-1","15000","2024-08-15"
"TX-0029","SCHEME-01","AC-1","15000","2024-09-15"
"TX-0030","SCHEME-01","AC-1","15000","2024-10-15"
"TX-0031","SCHEME-01","AC-2","15000","2024-08-15"
"TX-0032","SCHEME-01","AC-2","15000","2024-09-15"
"TX-0033","SCHEME-01","AC-2","15000","2024-10-15"
"TX-0034","SCHEME-01","AC-3","15000","2024-08-15"
"TX-0035","SCHEME-01","AC-3","15000","2024-09-15"
"TX-0036","SCHEME-01","AC-3","15000","2024-10-15"
"TX-0037","SCHEME-01","AC-1","15000","2024-08-15"
"TX-0038","SCHEME-01","AC-1","15000","2024-09-15"
"TX-0039","SCHEME-01","AC-1","15000","2024-10-15"
"TX-0040","SCHEME-01","AC-2","15000","2024-08-15"
"TX-0041","SCHEME-01","AC-2","15000","2024-09-15"
"TX-0042","SCHEME-01","AC-2","15000","2024-10-15"
"TX-0043","SCHEME-01","AC-3","15000","2024-08-15"
"TX-0044","SCHEME-01","AC-3","15000","2024-09-15"
"TX-0045","SCHEME-01","AC-3","15000","2024-10-15"
"TX-0046","SCHEME-01","AC-1","15000","2024-08-15"
"TX-0047","SCHEME-01","AC-1","15000","2024-09-15"
"TX-0048","SCHEME-01","AC-1","15000","2024-10-15"
"TX-0049","SCHEME-01","AC-17","12000","2024-08-15"
"TX-0050","SCHEME-01","AC-17","12000","2024-09-15"
"TX-0051","SCHEME-01","AC-17","12000","2024-10-15"
"TX-0052","SCHEME-01","AC-18","12000","2024-08-15"
"TX-0053","SCHEME-01","AC-18","12000","2024-09-15"
"TX-0054","SCHEME-01","AC-18","12000","2024-10-15"
"TX-0055","SCHEME-01","AC-19","12000","2024-08-15"
"TX-0056","SCHEME-01","AC-19","12000","2024-09-15"
"TX-0057","SCHEME-01","AC-19","12000","2024-10-15"
"TX-0058","SCHEME-01","AC-20","12000","2024-08-15"
"TX-0059","SCHEME-01","AC-20","12000","2024-09-15"
"TX-0060","SCHEME-01","AC-20","12000","2024-10-15"
"TX-0061","SCHEME-01","AC-21","12000","2024-08-15"
"TX-0062","SCHEME-01","AC-21","12000","2024-09-15"
"TX-0063","SCHEME-01","AC-21","12000","2024-10-15"
"TX-0064","SCHEME-01","AC-22","12000","2024-08-15"
"TX-0065","SCHEME-01","AC-22","12000","2024-09-15"
"TX-0066","SCHEME-01","AC-22","12000","2024-10-15"
"TX-0067","SCHEME-01","AC-23","12000","2024-08-15"
"TX-0068","SCHEME-01","AC-23","12000","2024-09-15"
"TX-0069","SCHEME-01","AC-23","12000","2024-10-15"
"TX-0070","SCHEME-01","AC-24","12000","2024-08-15"
"TX-0071","SCHEME-01","AC-24","12000","2024-09-15"
"TX-0072","SCHEME-01","AC-24","12000","2024-10-15"
"TX-0073","SCHEME-02","AC-25","12000","2024-08-15"
"TX-0074","SCHEME-02","AC-25","12000","2024-09-15"
"TX-0075","SCHEME-02","AC-25","12000","2024-10-15"
"TX-0076","SCHEME-02","AC-26","12000","2024-08-15"
"TX-0077","SCHEME-02","AC-26","12000","2024-09-15"
"TX-0078","SCHEME-02","AC-26","12000","2024-10-15"
"TX-0079","SCHEME-02","AC-27","12000","2024-08-15"
"TX-0080","SCHEME-02","AC-27","12000","2024-09-15"
"TX-0081","SCHEME-02","AC-27","12000","2024-10-15"
"TX-0082","SCHEME-02","AC-28","12000","2024-08-15"
"TX-0083","SCHEME-02","AC-28","12000","2024-09-15"
"TX-0084","SCHEME-02","AC-28","12000","2024-10-15"
"TX-0085","SCHEME-02","AC-29","12000","2024-08-15"
"TX-0086","SCHEME-02","AC-29","12000","2024-09-15"
"TX-0087","SCHEME-02","AC-29","12000","2024-10-15"
"TX-0088","SCHEME-02","AC-30","12000","2024-08-15"
"TX-0089","SCHEME-02","AC-30","12000","2024-09-15"
"TX-0090","SCHEME-02","AC-30","12000","2024-10-15"
"TX-0091","SCHEME-02","AC-31","12000","2024-08-15"
"TX-0092","SCHEME-02","AC-31","12000","2024-09-15"
"TX-0093","SCHEME-02","AC-31","12000","2024-10-15"
"TX-0094","SCHEME-02","AC-32","12000","2024-08-15"
"TX-0095","SCHEME-02","AC-32","12000","2024-09-15"
"TX-0096","SCHEME-02","AC-32","12000","2024-10-15"
"TX-C1","AC-1","COL-01","18000","2024-10-18"
"TX-C2","COL-01","AC-2","18000","2024-10-18"
"TX-C3","AC-2","AC-1","18000","2024-10-18"
"TX-C4","AC-21","COL-02","12000","2024-10-18"